FIPS,expected population,net migrants,migration rate
01001,46277,8280,235.8
01003,144772,37259,310.1
01005,30147,-2450,-107.29999999999997
01007,20354,2627,168.40000000000003
01009,52345,4871,105.3
01011,12198,-1129,-129.9
01013,21447,-441,-38.2
01015,113918,4700,54.0
01017,36358,-2048,-86.49999999999999
01019,23624,2256,107.6
01021,40809,2839,90.3
01023,16030,-2126,-167.6
01025,28637,-2719,-125.0
01027,14073,-159,-20.8
01029,14272,640,39.6
01031,45092,4926,149.39999999999995
01033,54817,-465,-17.3
01035,14113,-848,-93.9
01037,11670,-125,-20.000000000000004
01039,36945,736,9.8
01041,13471,423,43.5
01043,78029,2144,17.3
01045,52404,-2059,-56.90000000000001
01047,48259,-4081,-109.1
01049,67152,4002,74.99999999999999
01051,69848,9532,164.50000000000003
01053,39537,-1008,-35.4
01055,102599,1740,12.6
01057,18108,-914,-65.2
01059,31821,-78,-7.999999999999999
01061,25643,1086,49.8
01063,10260,-1136,-161.6
01065,18706,-2855,-222.8
01067,16130,1171,54.7
01069,92996,8694,114.09999999999998
01071,53846,-775,-37.79999999999999
01073,686002,-24258,-38.6
01075,15651,-1127,-112.9
01077,88044,4448,50.9
01079,35296,-950,-42.6
01081,122526,17961,287.1
01083,69002,13856,254.8
01085,14087,-2686,-237.6
01087,24185,-2535,-85.19999999999997
01089,292837,42720,193.2
01091,23072,-1950,-113.8
01093,30594,79,-22.8
01095,86197,6823,87.4
01097,420985,-6666,-26.40000000000001
01099,24859,-1718,-98.1
01101,238593,-7472,-31.7
01103,115362,4198,41.0
01105,12198,-1534,-169.60000000000005
01107,21039,-1240,-85.99999999999999
01109,30623,2368,133.59999999999997
01111,22275,623,12.4
01113,51211,1992,55.90000000000001
01115,67217,16272,304.1
01117,158259,36858,305.49999999999994
01119,15151,-1283,-125.1
01121,81849,642,5.9
01123,41563,70,-16.600000000000005
01125,173492,21621,215.4
01127,69980,-3155,-66.7
01129,18492,-871,-50.99999999999999
01131,13628,-1866,-167.6
01133,24565,-180,-36.6
02016,5784,-163,132.79999999999998
02050,19422,-2004,-98.5
02070,5539,-596,-101.0
02180,10834,-1131,-93.10000000000002
02261,10923,-1267,-68.1
02270,8834,-1180,-128.10000000000002
04001,77068,-4165,-50.90000000000001
04003,124339,7679,49.7
04005,129581,5950,75.5
04007,51388,2376,18.199999999999985
04009,36050,1559,64.9
04011,9097,-589,-31.7
04012,19755,804,-29.099999999999994
04013,3444859,395217,140.5
04015,153771,46274,294.3
04017,107593,1166,16.300000000000004
04019,897726,88567,98.4
04021,201928,176719,1197.6999999999996
04023,44312,3845,104.9
04025,165027,45626,280.00000000000006
04027,182113,16032,129.0
05001,20619,-1586,-96.8
05003,24629,-2747,-140.9
05005,35284,6002,167.5
05007,169041,52774,447.4
05009,34177,2577,83.7
05011,12680,-1119,-121.70000000000002
05013,5642,-280,-31.2
05015,25991,1416,34.099999999999994
05017,14418,-2532,-252.3
05019,23794,-795,52.19999999999998
05021,17017,-1011,-69.9
05023,23405,2437,123.4
05025,8694,-29,-18.0
05027,25808,-1194,-51.7
05029,20552,690,40.0
05031,86943,9512,149.1
05033,55548,6316,131.5
05035,55160,-3947,-88.7
05037,19777,-1911,-123.3
05039,9096,-955,-138.90000000000003
05041,15794,-2718,-210.2
05043,19340,-813,-52.3
05045,92762,20495,288.5
05047,17878,176,9.199999999999996
05049,11017,1156,124.2
05051,85956,9878,123.1
05053,16664,1119,87.3
05055,38621,3328,107.2
05057,24487,-1771,-103.0
05059,30507,2372,111.4
05061,14697,-880,-90.9
05063,34915,1652,53.39999999999999
05065,12610,1020,62.2
05067,18229,-234,-0.4000000000000066
05069,87589,-9616,-132.7
05071,23786,1745,93.69999999999996
05073,8440,-783,-126.0
05075,17620,-283,-25.70000000000001
05077,12703,-2173,-220.4
05079,14774,-522,-25.6
05081,13612,-449,-39.89999999999999
05083,22352,-85,-13.000000000000005
05085,55959,12308,299.2
05087,14515,1151,107.39999999999998
05089,15563,986,72.30000000000003
05091,42718,811,17.6
05093,54419,-7767,-170.60000000000005
05095,10126,-1956,-243.8
05097,8943,494,34.40000000000001
05099,10059,-1047,-143.6
05101,8487,-204,-48.2
05103,28667,-2474,-120.5
05105,10166,231,25.90000000000001
05107,27542,-5639,-246.2
05109,11060,197,54.40000000000001
05111,25875,-1354,-77.89999999999998
05113,20167,429,-12.299999999999995
05115,56944,4728,107.3
05117,9317,-631,-101.4
05119,387796,-3246,1.999999999999992
05121,18104,-212,-22.300000000000004
05123,30853,-2316,-95.0
05125,86142,20775,306.7
05127,11100,105,2.599999999999998
05129,8029,118,14.299999999999995
05131,122138,3819,41.6
05133,17171,-6,6.199999999999998
05135,16316,856,53.9
05137,11213,1113,97.9
05139,45984,-4221,-110.59999999999998
05141,15606,1607,149.1
05143,175654,27917,237.7
05145,69416,7509,136.20000000000002
05147,8363,-1102,-190.1
05149,22134,87,-9.600000000000003
06001,1569008,-49776,-11.100000000000005
06003,1245,-76,-47.600000000000016
06005,33880,4191,161.5
06007,204519,15532,97.8
06009,39712,5720,264.2
06011,21085,581,38.2
06013,1014638,39372,83.79999999999998
06015,27998,787,41.40000000000001
06017,161834,18976,186.7
06019,905170,36141,45.6
06021,28545,-232,0.1999999999999975
06023,128884,5824,57.70000000000001
06025,165091,12677,100.2
06027,17829,778,117.4
06029,752467,97393,167.50000000000003
06031,148708,6612,63.7
06033,57054,7643,221.1
06035,34910,307,62.70000000000001
06037,10525655,-597664,-59.2
06039,138422,14121,129.2
06041,256707,-4164,29.5
06043,16692,1508,114.3
06045,89033,-944,-5.399999999999998
06047,241663,17314,96.5
06049,9278,394,105.6
06051,14056,206,97.3
06053,455172,-34643,-83.1
06055,128546,8619,98.7
06057,90546,7902,153.79999999999995
06059,3131517,-102684,-30.0
06061,261987,86288,407.2
06063,20377,-440,11.9
06065,1719515,491817,355.8
06067,1335253,90662,96.2
06069,59861,-3970,-65.5
06071,1924629,133993,90.8
06073,3086162,29417,25.100000000000005
06075,804473,3762,172.5
06077,628640,62848,131.9
06079,252473,17678,115.8
06081,762763,-40994,-27.499999999999996
06083,432487,-5100,5.1
06085,1869386,-77922,-18.5
06087,275288,-11691,-30.8
06089,164233,12725,82.10000000000002
06091,3408,-189,-32.600000000000016
06093,43572,1275,66.9
06095,427032,-10967,-31.9
06097,478437,6850,24.7
06099,494896,23917,60.8
06101,86048,9198,139.0
06103,57377,6230,149.1
06105,12621,1124,198.2
06107,424024,24249,76.1
06109,53019,2304,55.7
06111,827348,2074,14.9
06113,182633,19275,174.20000000000005
06115,67019,5518,111.3
08001,394571,50807,179.70000000000005
08003,16484,-912,-62.3
08005,537314,36908,113.9
08007,10405,1656,178.5
08009,4230,-454,-135.49999999999997
08011,5994,571,122.7
08013,289546,4975,54.89999999999999
08015,16076,1693,115.3
08017,2222,-391,-196.7
08019,9717,-666,-27.8
08021,8948,-619,-64.0
08023,3686,-137,-66.30000000000001
08025,5496,405,161.7
08027,3449,773,296.2
08029,27831,3080,145.4
08031,627287,-22191,38.1
08033,1885,166,129.70000000000002
08035,208723,76525,613.1
08037,49434,3090,155.29999999999995
08039,20930,2058,217.8
08041,570213,53501,120.1
08043,45651,1300,9.9
08045,50096,6583,212.3
08047,5042,375,88.40000000000002
08049,13335,1472,168.00000000000003
08051,15019,280,164.09999999999997
08053,827,6,145.20000000000005
08055,7494,-776,-240.6
08057,1557,-169,-37.7
08059,552995,-18635,-27.1
08061,1556,-168,-182.5
08063,8190,106,41.3
08065,8640,-1273,-167.70000000000005
08067,46507,4847,168.10000000000005
08069,269555,29807,139.99999999999997
08071,15278,311,44.3
08073,6103,-619,-98.9
08075,21096,1673,93.79999999999998
08077,122024,24676,248.1
08079,799,-98,-122.59999999999998
08081,14233,-429,-3.199999999999997
08083,24395,1174,32.7
08085,34997,6303,200.3
08087,29393,-1073,-62.90000000000002
08089,20803,-1872,-134.79999999999998
08091,3806,594,325.2999999999999
08093,15407,730,116.0
08095,4546,-113,-47.90000000000001
08097,15959,1151,230.8
08099,15460,-2844,-250.2
08101,147409,12700,89.79999999999998
08103,6327,328,130.6
08105,12858,-807,-82.3
08107,21172,2284,163.50000000000003
08109,6325,-185,-36.4
08111,583,105,506.5
08113,7320,31,114.70000000000003
08115,2607,-238,-142.0
08117,26732,1298,197.1
08119,21560,1681,132.0
08121,4887,-94,24.399999999999995
08123,206168,47870,289.3
08125,10167,-113,-5.7
09001,933351,-14290,28.699999999999992
09003,883859,11980,42.7
09005,183378,5820,66.1
09007,158257,6931,53.1
09009,848838,15209,33.7
09011,266936,6989,33.5
09013,141061,11227,147.39999999999995
09015,112108,6144,79.69999999999997
10001,135950,26696,205.3
10003,531350,8669,27.7
10005,160125,37002,228.0
12001,229157,18658,234.7
12003,24001,3143,157.1
12005,155197,13609,110.6
12007,26829,1824,80.49999999999999
12009,471072,71649,185.6
12011,1700011,60940,83.5
12013,13149,1512,120.0
12015,129834,29473,277.40000000000003
12017,105227,35317,389.7
12019,149280,41539,363.9
12021,263386,59073,260.0
12023,58124,9496,176.29999999999995
12027,34239,917,73.7
12029,13752,2647,205.4
12031,839900,28000,44.39999999999999
12033,306348,-8184,-36.1
12035,48408,47110,1465.7
12037,9773,1813,330.8
12039,48114,-1305,-48.0
12041,14758,2128,166.29999999999995
12043,10419,2553,371.6
12045,14326,1616,165.19999999999996
12047,13958,969,72.80000000000003
12049,30017,-2000,-57.1
12051,40649,-969,-27.9
12053,121246,51140,600.9
12055,83538,15302,183.00000000000003
12057,1075202,161175,204.0
12059,18431,1465,71.6
12061,108574,29289,316.7999999999999
12063,47299,2676,59.3
12065,13016,1802,130.7
12067,7334,1600,313.7
12069,208515,88501,537.9
12071,446373,173157,527.3
12073,255991,20349,222.6
12075,34149,6579,224.1
12077,7456,959,213.6
12079,19091,236,-13.000000000000002
12081,266231,56777,257.1
12083,252571,78559,306.0
12085,122130,24025,259.0
12086,2427396,107390,70.8
12087,80002,-6787,-42.7
12089,59400,13691,256.2
12091,182108,-1199,-11.4
12093,37567,2638,82.6
12095,991419,163213,239.0
12097,192932,78309,540.5
12099,1143971,180856,204.5
12101,334985,129283,570.8000000000002
12103,891232,24148,41.3
12105,503745,100256,238.7
12107,71040,3368,58.69999999999999
12109,125887,63656,687.3
12111,196730,81925,568.4
12113,124241,26969,295.4000000000001
12115,304880,73296,279.6
12117,384723,38900,150.0
12119,49931,43255,350.5
12121,34985,6576,195.6
12123,19635,3022,172.60000000000005
12125,13336,2306,182.5
12127,431274,63109,167.9
12129,23788,7062,430.9
12131,41669,13318,431.00000000000006
12133,20854,4082,274.6
13001,18154,115,-7.099999999999998
13003,8652,-224,-35.8
13005,10345,759,72.39999999999998
13007,4065,-601,-143.3
13009,46573,-627,32.499999999999964
13011,15190,3155,259.40000000000003
13013,52594,16899,420.6
13015,83567,16640,244.3
13017,18617,-918,-83.4
13019,17147,2114,134.39999999999998
13021,164372,-7841,-63.1
13023,11987,1062,102.29999999999997
13025,14633,3716,354.2
13027,16453,-165,-22.800000000000008
13029,26000,4226,223.7
13031,59543,10834,409.6
13033,23632,-199,-28.5
13035,20953,2792,142.9
13037,6638,152,13.2
13039,49613,1011,-11.7
13043,10113,912,100.9
13045,95579,15128,200.2
13047,55618,8118,179.50000000000009
13049,10755,1480,139.7
13051,249292,17309,98.5
13053,16788,-5440,-307.2999999999999
13055,25861,181,6.1000000000000005
13057,162959,51488,414.29999999999984
13059,110650,6628,432.6
13061,3445,-251,-96.79999999999997
13063,271527,-8500,-14.4
13065,7259,-452,-95.0
13067,682613,8853,41.5
13069,40624,1954,44.2
13071,45229,523,12.3
13073,96947,27155,404.9
13075,16608,644,39.8
13077,98875,28630,360.7
13079,12721,-98,-10.400000000000002
13081,23141,390,-7.800000000000003
13083,15334,1217,93.8
13085,17367,4879,307.4
13087,29470,-1492,-77.6
13089,745266,-46245,-44.0
13091,19658,2203,130.0
13093,12183,2866,234.0
13095,104489,-9092,-102.9
13097,102680,30530,407.1
13099,12697,-1641,-164.79999999999995
13101,3802,256,329.7999999999999
13103,40806,11434,379.0
13105,20879,-678,-72.0
13107,22666,11,-10.500000000000004
13109,11316,-256,-68.2
13111,19410,4139,193.90000000000003
13113,94109,12425,276.2
13115,94299,2146,19.4
13117,113412,62115,739.5999999999998
13119,20668,1362,60.6
13121,901726,25945,67.7
13123,24715,3505,116.1
13125,2494,566,306.8
13127,70859,8931,156.1
13129,48170,7074,180.3
13131,25151,-37,-8.300000000000011
13133,14751,1286,10.999999999999995
13135,687323,124039,263.20000000000005
13137,38320,4692,138.3
13139,158987,21675,157.0
13141,10312,-760,-144.1
13143,26429,2260,100.2
13145,24493,7490,426.9
13147,22785,2419,113.59999999999998
13149,11196,609,71.3
13151,136731,68119,661.8
13153,121227,19191,211.9
13155,10043,-490,-51.7
13157,46012,14439,380.8
13159,11979,1922,216.5
13161,13480,1608,138.3
13163,17972,-932,-91.9
13165,8946,-579,-107.3
13167,8664,1370,264.5
13169,24169,4509,275.70000000000005
13171,16260,2064,142.9
13173,7564,2538,405.9
13175,47176,1397,23.800000000000004
13177,26662,1652,115.3
13179,73550,-9510,-136.6
13181,8272,-275,-57.59999999999998
13183,11269,3274,377.7000000000001
13185,102106,7681,106.4
13187,21885,7983,433.6
13189,22220,-276,-37.1
13191,11200,3143,272.2
13193,14512,392,37.4
13195,26680,1383,53.50000000000001
13197,7387,1370,172.1
13199,22999,-953,-74.89999999999998
13201,6401,-273,-71.9
13205,25079,-1386,-78.60000000000002
13207,22236,4195,200.2
13209,8630,511,62.8
13211,16119,1746,106.9
13213,39582,36,-8.6
13215,200986,-9777,-64.19999999999999
13217,70418,30026,557.3000000000002
13219,27740,4976,268.79999999999995
13221,12839,2047,224.00000000000003
13223,93977,48577,662.7
13225,25835,2006,116.1
13227,23865,5441,250.1
13229,16444,2280,159.6
13231,14347,3473,304.0
13233,40952,615,11.6
13235,9769,2230,207.9
13237,19516,1732,89.30000000000003
13239,2618,-97,-75.2
13241,15000,1218,78.6
13243,7867,-110,-74.8
13245,214592,-12446,-73.90000000000002
13247,76049,9737,192.70000000000005
13249,3887,1114,356.2
13251,15737,-1094,-95.79999999999998
13253,9533,-804,-150.4
13255,61775,2514,29.1
13257,25621,492,-4.099999999999996
13259,5158,983,314.30000000000007
13261,35159,-2115,-85.19999999999997
13263,6482,409,43.89999999999999
13265,2031,-306,-206.6
13267,23559,2211,108.0
13269,8918,10,-20.700000000000006
13271,11911,4745,451.4
13273,11450,-2064,-231.00000000000003
13275,44907,-50,-18.900000000000006
13277,41610,-1328,-47.8
13279,27906,-589,-39.6
13281,8770,1624,206.5
13283,7036,-140,-33.50000000000001
13285,62308,4943,89.2
13287,9955,-988,-164.5
13289,10717,-1675,-238.79999999999995
13291,16431,4800,236.8
13293,27473,-293,-34.29999999999999
13295,61735,6816,120.6
13297,66537,17214,289.1
13299,36358,81,-13.2
13301,6391,-525,-144.4
13303,21541,-193,-29.8
13305,28171,2021,83.8
13307,2375,424,254.2
13309,6357,1134,244.5
13311,20470,6556,344.4
13313,94627,8596,120.3
13315,8699,633,62.90000000000001
13317,10649,-18,-24.2
13319,10740,-1150,-156.69999999999996
13321,22471,-779,-30.9
15001,158726,26535,215.4
15003,943500,11855,24.0
15007,61915,5213,125.5
15009,138349,16635,167.60000000000005
16001,333030,59092,206.5
16003,3431,516,344.99999999999994
16005,84197,-1338,-23.4
16007,6561,-600,-81.5
16009,9306,-44,-23.7
16011,46815,-1038,-6.599999999999994
16013,21002,402,65.89999999999999
16015,6800,182,105.2
16017,37362,3327,133.5
16019,93680,10668,145.9
16021,10212,715,82.19999999999997
16023,2993,-119,-10.999999999999993
16025,1039,66,209.2
16027,152257,37449,290.2000000000001
16029,7638,-692,-96.4
16031,23648,-606,-22.3
16033,1137,-152,-152.3
16035,8681,39,-21.80000000000002
16037,4343,0,87.6
16039,32919,-5805,-210.00000000000003
16041,12693,77,6.299999999999998
16043,13050,191,22.3
16045,15488,1179,45.69999999999999
16047,15138,389,42.3
16049,15374,822,76.1
16051,22426,3733,250.8
16053,20714,1790,134.29999999999998
16055,114846,23266,224.6
16057,36971,185,186.6
16059,7579,306,46.89999999999999
16061,3700,99,45.0
16063,4484,740,268.90000000000003
16065,34481,3060,467.7000000000001
16067,21763,-1591,-88.7
16069,37536,1646,19.5
16071,4309,-48,29.300000000000004
16073,11501,69,16.799999999999994
16075,21965,662,36.1
16077,8290,-436,-47.10000000000001
16079,13257,-553,-50.70000000000001
16081,7302,2891,596.5000000000001
16083,68855,8431,142.39999999999995
16085,8015,1799,531.9
16087,10050,131,-20.399999999999988
17001,67962,-1081,-38.90000000000001
17003,9692,-1422,-193.4
17005,17737,18,7.200000000000006
17007,45133,9125,276.1
17009,7049,-44,64.5
17011,35467,-588,-14.799999999999988
17013,4957,95,15.499999999999993
17015,16149,-832,-77.10000000000002
17017,13999,-343,-41.10000000000001
17019,191633,9489,197.60000000000005
17021,35124,-441,-19.8
17023,16731,-474,-35.3
17025,14277,-526,-52.40000000000001
17027,36294,1412,55.89999999999999
17029,53673,37,162.99999999999997
17031,5785960,-553086,-96.2
17033,20001,-219,-8.099999999999998
17035,11217,-221,-27.300000000000008
17037,94852,10352,233.00000000000009
17039,16772,-281,-28.0
17041,20767,-830,-42.99999999999999
17043,970076,-52607,-48.90000000000001
17045,19238,-751,-71.1
17047,6792,-112,11.000000000000002
17049,35474,-1359,-58.10000000000001
17051,21952,159,1.0999999999999983
17053,13724,293,0.4999999999999978
17055,38021,1366,31.800000000000004
17057,37390,-389,-23.1
17059,6179,-619,-127.8
17061,14598,-768,-65.5
17063,40163,9842,360.8
17065,8422,-12,7.400000000000002
17067,19999,-991,-64.09999999999998
17069,4565,-270,-95.9
17071,7960,-671,-109.8
17073,51136,-810,3.2999999999999936
17075,30689,-1081,-48.29999999999999
17077,61739,-1517,169.7
17079,10185,-532,-64.40000000000002
17081,40648,-1859,-68.70000000000002
17083,21760,1119,62.50000000000001
17085,22160,404,2.2999999999999936
17087,12933,-343,-21.800000000000004
17089,462812,55634,153.20000000000005
17091,108367,5229,46.39999999999999
17093,65136,49925,1166.9
17095,54555,-1695,-54.7
17097,708016,-2501,7.5
17101,14770,2097,245.1
17103,36116,-118,-5.000000000000002
17105,40581,-1694,-64.6
17107,31137,-856,-35.2
17109,32685,-166,259.2
17111,283769,24800,122.2
17115,116645,-5970,-66.8
17117,48415,-853,-22.0
17119,265614,3151,17.3
17121,41535,-2229,-82.1
17123,12690,-115,-33.7
17125,15704,-1110,-109.3
17127,15072,299,-5.299999999999999
17129,12541,96,25.1
17131,16954,-594,-19.200000000000006
17133,28446,4368,202.4
17135,30355,-316,-38.29999999999999
17137,36483,-1012,-42.1
17139,14091,691,25.999999999999996
17141,52218,1165,45.8
17143,192280,-5721,-26.8
17145,22834,-470,-15.100000000000007
17147,16562,84,49.3
17149,17056,-685,-58.4
17151,4207,232,82.80000000000003
17153,7283,-1116,-218.00000000000003
17155,6090,-120,4.899999999999997
17157,33797,-266,-27.50000000000001
17159,16067,90,-11.099999999999998
17161,154053,-6388,-57.2
17163,268671,2079,17.400000000000002
17165,25724,-906,-46.8
17167,195576,1579,19.000000000000004
17169,7087,427,93.5
17171,5552,-231,-47.6
17173,22615,-362,-15.300000000000002
17175,6152,-196,-45.3
17177,49194,-1591,-66.5
17179,131463,3503,38.20000000000001
17181,17972,-228,-27.4
17183,85504,-3882,-60.8
17185,13002,-1104,-104.2
17187,18654,-986,-47.10000000000001
17189,15197,-548,-33.7
17191,17026,-346,-34.7
17193,14675,-84,-34.9
17195,61414,-3005,-72.30000000000003
17197,563227,116375,275.9
17199,60899,5283,107.9
17201,293627,2003,7.399999999999999
17203,36187,2331,109.8
18001,36932,-2601,-100.0
18003,358799,-3251,-6.3
18005,75244,1416,29.6
18007,9688,-864,-92.0
18009,13998,-1288,-113.19999999999996
18011,48517,7937,255.0
18013,14738,417,74.50000000000001
18015,20523,-447,-12.699999999999992
18017,42352,-3393,-94.6
18019,100586,9529,124.2
18021,26806,-32,-8.800000000000002
18023,35352,-2122,-88.2
18025,10806,-145,-21.400000000000013
18027,31690,-100,-8.2
18029,48615,1236,35.59999999999999
18031,25740,-98,-19.099999999999994
18033,42367,-283,-20.3
18035,119697,-2339,39.6
18037,41353,430,8.326672684688674e-17
18039,201474,-3530,-30.999999999999996
18041,25590,-1410,-77.89999999999998
18043,72454,1925,40.00000000000001
18045,18063,-898,-76.39999999999998
18047,22998,-14,7.4999999999999964
18049,20788,-18,-5.699999999999997
18051,32996,394,26.0
18053,73684,-3782,-51.3
18055,33391,-367,-5.700000000000002
18057,208248,65962,500.5
18059,58640,11119,284.7
18061,35742,3466,112.80000000000004
18063,112369,32872,426.00000000000006
18065,48128,1173,43.4
18067,87498,-4943,-88.7
18069,38695,-1712,-65.30000000000001
18071,42910,-623,-31.7
18073,31266,2113,79.6
18075,22396,-1210,-63.2
18077,32156,143,5.200000000000001
18079,28864,-441,-21.500000000000004
18081,122054,17251,165.2
18083,39094,-802,-7.30000000000001
18085,79089,-1863,-30.9
18089,507200,-8884,-11.500000000000005
18091,113111,-1584,-13.8
18093,46163,-224,-11.1
18095,134881,-3390,-22.700000000000006
18097,937814,-30348,-16.900000000000006
18099,47358,-386,-21.5
18101,10586,-299,-24.499999999999996
18103,37206,-329,1.4999999999999978
18105,125111,12547,415.3999999999999
18107,38510,-495,-19.1
18109,69407,-788,-7.099999999999995
18111,14525,-338,-31.79999999999999
18113,49363,-1873,-65.7
18115,5639,448,96.4
18117,19548,203,3.200000000000003
18119,21970,-500,-27.899999999999984
18121,17298,-43,44.0
18123,19049,239,15.4
18125,12810,-32,-0.6999999999999941
18127,152724,11367,115.2
18129,27343,-1547,-28.7
18131,13760,-416,-40.89999999999999
18133,36908,977,56.99999999999999
18135,27653,-1574,-67.4
18137,27761,943,26.2
18139,18508,-1191,-87.0
18141,279230,-12176,-53.70000000000001
18143,23563,512,-0.7000000000000028
18145,44738,-444,-17.099999999999994
18147,20877,-20,8.3
18149,23783,-515,-31.3
18151,34373,-327,-30.800000000000004
18153,21595,-150,-10.7
18155,9292,1272,179.8
18157,159657,13068,277.29999999999995
18159,16656,-798,-55.9
18161,7548,-77,-2.4999999999999964
18163,176460,2965,24.599999999999994
18165,16348,-222,-31.100000000000005
18167,107372,355,26.099999999999994
18169,34853,-2096,-95.3
18171,8470,-8,19.3
18173,54268,5199,133.8
18175,27915,227,11.899999999999995
18177,71765,-3017,-58.30000000000001
18179,28409,-880,-50.39999999999999
18181,25857,-1281,-83.3
18183,31837,1318,43.29999999999999
19001,7805,-165,-13.900000000000004
19003,4345,-340,-79.59999999999998
19005,14911,-625,-69.69999999999999
19007,13434,-605,-79.1
19009,6473,-391,-52.6
19011,26063,-92,28.50000000000001
19013,133251,-2301,21.90000000000001
19015,26244,-48,6.100000000000003
19017,23554,612,71.4
19019,22033,-1149,-53.5
19021,21163,-845,-27.5
19023,14926,-131,-1.7000000000000035
19025,10628,-1009,-134.9
19027,21644,-906,-46.29999999999998
19029,14332,-437,-37.00000000000001
19031,18371,49,33.7
19033,46117,-2128,-71.1
19035,12550,-538,-45.5
19037,13172,-786,-60.100000000000016
19039,9374,-107,-13.6
19041,17549,-941,-88.19999999999997
19043,18491,-445,-23.500000000000004
19045,50557,-1597,-42.6
19047,17502,-357,0.9000000000000075
19049,45243,20853,677.6000000000001
19051,8944,-226,-30.1
19053,8704,-286,9.59999999999999
19055,18748,-1059,-37.90000000000001
19057,43089,-2865,-81.69999999999997
19059,16164,412,18.8
19061,92150,1214,9.899999999999997
19063,11041,-763,-76.3
19065,21595,-799,-50.7
19067,16759,-526,-45.10000000000001
19069,10657,4,29.7
19071,7887,-485,-46.1
19073,10127,-839,-80.29999999999998
19075,12152,240,81.59999999999998
19077,11171,-272,3.4000000000000004
19079,16423,-801,-48.8
19081,12035,-738,-57.50000000000001
19083,18313,-849,-72.0
19085,15474,-614,-47.6
19087,20542,-451,-50.49999999999999
19089,9870,-343,-30.8
19091,10237,-457,-19.500000000000004
19093,7641,-586,-73.2
19095,15906,375,53.3
19097,20169,-420,-17.200000000000006
19099,37792,-1069,-25.9
19101,16121,648,38.1
19103,120794,9995,261.5
19105,20450,120,5.600000000000002
19107,11380,-916,-90.79999999999998
19109,16853,-1384,-80.09999999999998
19111,37563,-1797,-51.8
19113,203930,6854,47.8
19115,12495,-1106,-107.8
19117,9359,-505,-62.49999999999999
19119,12096,-555,-32.6
19121,14562,1054,138.0
19123,22975,-668,-29.9
19125,32577,608,29.700000000000006
19127,40399,288,-13.799999999999995
19129,14893,103,55.89999999999999
19131,10715,6,7.600000000000002
19133,9347,-155,-60.3
19135,7904,28,14.199999999999996
19137,11417,-727,-99.5
19139,44131,-1363,-40.7
19143,6891,-453,-74.2
19145,16418,-537,-62.50000000000001
19147,9949,-568,-86.19999999999997
19149,25393,-498,-9.3
19151,8260,-983,-99.3
19153,410307,20475,91.7
19155,91091,1887,19.6
19157,18470,356,28.2
19159,5250,-149,-51.3
19161,11071,-774,-78.8
19163,167984,-2891,-21.1
19165,12697,-589,-19.3
19167,33814,-139,30.800000000000008
19169,84361,4997,343.5
19171,18417,-664,-35.80000000000001
19173,6764,-472,-75.4
19175,12180,294,33.800000000000004
19177,7739,-208,-22.6
19179,36458,-887,-22.8
19181,42138,3913,129.00000000000003
19183,21201,434,12.1
19185,6453,-90,-10.7
19187,40367,-2440,-89.7
19189,11605,-787,-79.2
19191,21379,-419,49.7
19193,110980,-8655,-96.2
19195,7730,-171,-14.899999999999995
19197,14160,-956,-89.89999999999998
20001,14333,-1007,-82.4
20003,8127,-61,-0.3000000000000078
20005,16996,-121,10.4
20007,5081,-248,15.599999999999993
20009,28620,-954,-33.3
20011,15546,-423,-45.1
20013,10742,-768,-83.8
20015,61742,4010,104.2
20017,3033,-260,-128.29999999999998
20019,4006,-353,-74.80000000000003
20021,22517,-969,-57.0
20023,2966,-258,-79.19999999999997
20025,2318,-120,2.400000000000009
20027,8616,-121,-5.899999999999999
20029,9806,-320,-23.7
20031,8731,-176,-30.499999999999996
20033,1785,87,109.2
20035,36697,-396,-17.3
20037,38886,181,47.79999999999999
20039,3125,-189,-61.39999999999999
20041,19057,637,81.20000000000002
20043,8207,-294,-15.100000000000005
20045,106577,4233,224.4
20047,3413,-382,-106.09999999999998
20049,3021,-162,-26.3
20051,28582,-188,53.39999999999999
20053,6110,376,127.6
20055,46912,-9752,-254.0
20057,36961,-2696,-88.89999999999998
20059,25861,64,4.699999999999998
20061,32418,2181,120.60000000000002
20063,2960,-281,-104.5
20065,2755,-179,-28.800000000000004
20067,8850,-952,-121.89999999999998
20069,6289,-284,-50.19999999999999
20071,1521,-281,-263.0
20073,7252,-593,-100.40000000000002
20075,2791,-91,17.0
20077,6141,-133,-16.100000000000005
20079,33633,1022,18.1
20081,4710,-441,-102.1
20083,2037,-136,-2.6000000000000005
20085,13044,396,62.80000000000001
20087,18734,307,53.39999999999999
20089,3494,-434,-125.4
20091,496264,47720,151.3
20093,4829,-841,-219.3
20095,8430,-608,-71.09999999999998
20097,3235,-690,-191.2
20099,22633,-1057,-63.99999999999999
20101,2021,-279,-117.9
20103,72972,3390,86.4
20105,3376,-156,-12.300000000000017
20107,9514,99,23.2
20109,2913,-174,-51.2
20111,38299,-4524,-129.29999999999998
20113,29364,-274,-44.8
20115,12773,-173,-18.700000000000014
20117,10738,-665,-33.1
20119,4753,-184,-46.2
20121,29656,3025,157.9
20123,6572,-238,-32.2
20125,36249,-798,-25.399999999999995
20127,5845,40,22.9
20129,3658,-426,-157.5
20131,10484,-353,-35.8
20133,17051,-589,-41.5
20135,3242,-152,-24.8
20137,5720,-62,12.699999999999996
20139,16683,-462,-16.89999999999999
20141,4116,-287,-62.70000000000001
20143,6026,32,72.8
20145,7025,-67,40.3
20147,5717,-107,12.800000000000002
20149,19478,2086,169.29999999999995
20151,9631,-7,-4.599999999999996
20153,2703,-205,-42.80000000000001
20155,66212,-1745,-45.7
20157,5417,-470,-101.0
20159,10608,-551,-42.89999999999999
20161,69635,1571,393.8
20163,5512,-357,-54.6
20165,3352,-71,-14.100000000000005
20167,7020,-89,13.099999999999996
20169,56179,-588,-24.0
20171,5236,-309,-47.80000000000001
20173,493867,5849,15.300000000000004
20175,26536,-3257,-140.9
20177,177963,158,-1.6999999999999988
20179,2749,-211,-28.40000000000001
20181,6779,-779,-151.2
20183,4113,-286,-21.600000000000005
20185,4605,-181,-21.099999999999994
20187,2617,-365,-201.0
20189,5864,-113,-2.700000000000002
20191,26285,-2214,-83.79999999999998
20193,8326,-453,-60.5
20195,3144,-171,-57.1
20197,7022,0,64.0
20199,1716,-243,-149.7
20201,6130,-363,-22.799999999999994
20203,2620,-379,-187.6
20205,10135,-767,-91.50000000000004
20207,3473,-189,-66.49999999999999
20209,172599,-13627,-82.2
21001,17599,982,80.4
21003,18216,1658,101.3
21005,19983,1359,99.1
21007,8074,129,9.6
21009,38791,3259,98.6
21011,11300,240,17.900000000000006
21013,29975,-1402,-81.99999999999999
21015,96148,22471,294.3
21017,19782,166,7.700000000000001
21019,49398,-3,-0.8999999999999988
21021,27710,643,6.700000000000005
21023,8533,-81,-6.2
21025,15979,-2163,-168.20000000000005
21027,18666,1307,86.0
21029,64523,9525,201.2
21031,13215,-569,-73.60000000000002
21033,12770,155,36.2
21035,34221,2853,244.4
21037,91709,-1640,-24.0
21039,5242,-165,-54.50000000000002
21041,10615,175,17.6
21043,27491,115,-11.2
21045,15426,458,31.3
21047,81820,-7560,-72.79999999999998
21049,34119,1383,48.5
21051,25063,-3350,-155.8
21053,9694,527,59.4
21055,9106,165,24.9
21057,6856,-33,-23.000000000000004
21059,95481,957,5.0
21061,11700,403,56.8
21063,6725,1105,217.3
21065,15467,-865,-78.20000000000002
21067,279528,16790,131.8
21069,14107,176,-0.9999999999999938
21071,42845,-3560,-115.6
21073,49041,162,-0.2999999999999994
21075,7607,-792,-155.20000000000005
21077,8239,318,35.5
21079,15120,1722,137.70000000000002
21081,24358,241,12.3
21083,37380,-325,-17.900000000000006
21085,24513,1135,54.9
21087,11388,-180,-4.699999999999995
21089,36806,-69,-4.999999999999997
21091,8778,-248,-39.3
21093,102608,3025,32.7
21095,33088,-3920,-145.2
21097,18309,455,19.5
21099,17844,294,8.799999999999997
21101,46455,-305,-12.8
21103,15394,-32,-7.699999999999997
21105,5061,-182,-42.3
21107,46699,94,-5.700000000000005
21109,13672,-243,-37.5
21111,724788,17246,37.8
21113,41951,6520,168.70000000000005
21115,23648,-403,-28.5
21117,162204,-2724,-11.2
21119,17658,-1382,-81.30000000000003
21121,32765,-1007,-58.0
21123,13402,737,81.5
21125,54967,3666,74.9
21127,15805,-21,-10.400000000000004
21129,7709,149,47.9
21131,12501,-1242,-144.10000000000005
21133,25227,-817,-43.7
21135,14259,-455,-57.7
21137,24162,490,11.4
21139,9544,-76,-28.40000000000001
21141,27237,-472,-36.30000000000001
21143,7609,677,69.4
21145,65890,-458,-17.900000000000006
21147,17488,820,69.7
21151,75111,7610,190.4
21153,13676,-406,-57.2
21155,18976,825,48.1
21157,29279,2013,79.19999999999997
21159,12970,-18,12.999999999999991
21161,17043,390,19.7
21163,27390,1167,100.89999999999998
21165,6634,-365,-78.40000000000002
21167,21085,162,-7.8000000000000025
21169,9989,62,-8.100000000000001
21171,11668,-750,-103.00000000000004
21173,23741,2675,150.7
21175,14229,-319,-21.9
21177,31430,-31,-2.7
21179,39897,3430,106.1
21181,6783,307,34.6
21183,23391,377,13.100000000000005
21185,49268,10963,374.6
21187,10777,18,21.9
21189,4643,79,-17.000000000000004
21191,14849,-40,-6.599999999999996
21193,29819,-1226,-73.39999999999998
21195,68087,-3345,-61.30000000000001
21197,13658,-1091,-111.2
21199,57102,5722,111.2
21201,2201,56,9.499999999999996
21203,16650,320,7.6
21205,22830,408,173.50000000000003
21207,16390,1099,91.2
21209,36647,10472,349.99999999999994
21211,36079,5969,212.4
21213,16901,390,12.4
21215,12628,4360,431.39999999999986
21217,23270,1161,61.90000000000001
21219,12454,-11,-3.600000000000002
21221,12365,1915,172.99999999999997
21223,8427,343,48.3
21225,15722,-745,-27.299999999999986
21227,98011,15706,248.6
21229,11074,603,60.4
21231,20137,598,11.3
21233,14323,-732,-61.8
21235,36415,-930,-43.7
21237,7207,107,-37.2
21239,24082,799,40.3
22001,61914,-137,-7.8
22003,27346,-1435,-43.49999999999999
22005,86347,21116,307.1
22007,24229,-772,-44.80000000000001
22009,43244,-1023,-53.39999999999999
22011,34204,1464,65.7
22013,15517,-1120,-111.1
22015,106759,10505,114.2
22017,264186,-7810,-39.3
22019,193430,-284,-7.400000000000002
22021,10609,-471,-72.39999999999998
22023,10259,-3442,-362.9
22025,11144,-696,-80.79999999999998
22027,16701,665,70.6
22029,20864,59,13.500000000000005
22031,26270,474,22.0
22033,441151,1606,13.300000000000004
22035,10016,-2153,-261.7
22037,21864,-1460,-113.09999999999998
22039,36895,-2819,-101.1
22041,21793,-984,-79.80000000000003
22043,19275,3135,257.70000000000005
22045,78133,-4666,-74.00000000000001
22047,35150,-1526,-61.6
22049,15385,934,58.19999999999999
22051,476016,-41502,-102.0
22053,32693,-1104,-54.3
22055,206041,16135,93.8
22057,94601,1782,25.6
22059,14446,441,41.5
22061,44740,2186,226.9
22063,100371,27476,346.7000000000001
22065,14372,-2165,-186.7
22067,31550,-3435,-155.59999999999997
22069,41462,-1737,-32.40000000000001
22071,504033,-157024,-330.1
22073,156827,-2565,-28.300000000000004
22075,28420,-5324,-199.3
22077,23401,-553,-53.3
22079,132560,-547,-7.399999999999998
22081,9943,-828,-110.89999999999998
22083,21502,-715,-48.2
22085,24064,218,21.399999999999988
22087,67879,-31863,-451.3
22089,51597,1323,66.19999999999999
22091,10661,603,80.30000000000003
22093,22522,-305,-26.89999999999999
22097,92982,-9247,-117.2
22099,52161,131,0.4000000000000057
22101,56437,-1551,-36.8
22103,202727,30849,196.8
22105,107676,13753,143.0
22107,6760,-1485,-285.2999999999999
22109,112646,-435,-5.9999999999999964
22111,23447,-684,-59.60000000000001
22113,56487,1490,41.0
22115,58674,-6140,-108.09999999999998
22117,44932,2349,45.40000000000001
22119,41941,-635,-24.099999999999994
22121,23061,818,53.8
22123,12325,-724,-76.39999999999998
22125,15567,287,41.4
22127,16962,-1575,-115.5
23001,106265,1106,21.399999999999995
23003,72286,-745,-19.0
23005,270586,10056,47.60000000000001
23007,29198,1409,62.80000000000001
23009,51066,3060,44.1
23011,117307,4305,49.7
23013,39004,535,2.100000000000004
23015,32629,1626,56.6
23017,53866,3684,101.2
23019,145956,7355,67.8
23021,16532,898,54.5
23023,35926,-799,-53.6
23025,50887,1093,29.700000000000006
23027,36663,1926,51.40000000000001
23029,32923,-184,-54.2
23031,190256,5997,45.1
24001,72917,2094,49.89999999999999
24003,520167,18095,70.0
24005,772879,33550,64.9
24009,78743,9890,196.1
24011,31163,1901,97.7
24013,157376,9214,83.19999999999997
24015,90597,10312,153.39999999999995
24017,130555,16757,202.6
24019,30604,2047,92.9
24021,210013,23334,160.8
24023,29556,383,15.900000000000004
24025,230702,13901,99.8
24027,269956,17459,134.99999999999997
24029,18765,1391,50.3
24031,958659,17519,80.2
24039,25050,1613,185.30000000000007
24041,33123,4578,129.8
24043,136097,11344,110.8
24045,88541,10334,149.7
24047,45562,5761,109.90000000000002
25001,213057,1733,-16.700000000000006
25003,131375,-679,-9.4
25005,547684,-534,6.399999999999998
25007,15355,1111,112.1
25009,750835,-7448,2.7999999999999994
25011,71393,-322,3.6999999999999935
25013,468618,-4036,-5.500000000000003
25015,152114,5373,170.4
25017,1536305,-35060,5.699999999999994
25019,10443,-263,34.30000000000001
25021,672429,-3114,25.1
25023,492170,1716,4.600000000000001
25025,736507,-10042,77.2
25027,779140,18721,38.89999999999999
26001,10683,178,-33.00000000000001
26003,9558,37,-37.0
26005,111726,-535,-10.000000000000002
26007,30614,-1167,-47.60000000000001
26009,22967,490,1.6000000000000014
26011,16817,-998,-96.4
26013,8620,269,26.1
26015,58897,45,5.899999999999999
26017,111053,-3593,-45.5
26019,16091,1351,71.5
26021,167028,-10283,-85.7
26023,47305,-2101,-58.1
26025,141927,-5881,-58.89999999999999
26027,51405,744,40.40000000000001
26029,26279,-450,-45.20000000000001
26031,26050,-18,-25.1
26033,39247,-517,3.4000000000000075
26035,30760,25,-9.100000000000003
26037,67897,7273,173.39999999999995
26039,14038,-41,-32.80000000000001
26041,38203,-1288,-54.2
26043,26890,-853,-49.8
26045,106880,648,7.3
26047,31989,583,7.8
26049,456898,-30944,-93.79999999999998
26051,25347,203,-12.299999999999995
26053,16207,183,5.5000000000000036
26055,80179,6531,84.7
26057,42711,-209,-21.400000000000006
26059,47768,-1271,-39.59999999999999
26061,36001,492,106.7
26063,34746,-1787,-83.39999999999998
26065,296320,-15307,-6.299999999999998
26067,65293,-1365,-30.1
26069,25555,178,-39.9
26071,12012,-266,-72.50000000000001
26073,66236,3948,332.6
26075,163545,-3449,-32.4
26077,250574,-366,21.700000000000006
26079,17063,15,-13.299999999999995
26081,626222,-22843,-49.8
26083,2233,-98,-3.6000000000000014
26085,10848,646,54.39999999999999
26087,91191,-3172,-43.9
26089,20980,621,1.400000000000002
26091,101946,-2212,-35.90000000000001
26093,165311,14930,135.9
26095,6892,-236,-59.50000000000001
26097,11456,-348,-39.3
26099,811525,27744,47.90000000000001
26101,23918,748,0.5999999999999943
26103,64440,2443,77.8
26105,28173,412,-2.0999999999999908
26107,41540,1101,121.9
26109,25018,-1094,-63.70000000000002
26111,85484,-2169,-28.7
26113,14654,126,1.2999999999999972
26115,150439,1091,10.500000000000004
26117,63811,-586,-18.4
26119,9504,191,13.899999999999995
26121,178095,-5813,-44.90000000000001
26123,49549,-1218,-28.3
26125,1249994,-48752,-33.4
26127,28199,-1647,-84.1
26129,20613,966,39.6
26131,7052,-321,-83.59999999999998
26133,23832,-405,-24.4
26135,9040,-453,-65.3
26137,23893,159,-8.300000000000004
26139,257931,5561,21.1
26141,13658,-367,-60.40000000000001
26143,23493,802,8.999999999999991
26145,215419,-15097,-97.10000000000002
26147,168605,-6097,-56.8
26149,65700,-4491,-99.5
26151,44786,-1835,-67.1
26153,8543,-92,-58.70000000000001
26155,73649,-3271,-50.7
26157,58958,-3432,-71.89999999999998
26159,79407,-3202,-37.5
26161,344690,46,59.09999999999997
26163,2159589,-330259,-184.9
26165,31551,1060,32.599999999999994
27001,14810,1305,97.1
27003,326641,3706,37.90000000000001
27005,30811,1648,81.10000000000002
27007,42865,1714,34.89999999999999
27009,36949,1430,9.8
27011,5481,-251,-45.79999999999999
27013,58715,5150,227.8
27015,26891,-1097,-67.39999999999999
27017,32237,3116,140.00000000000003
27019,78788,12076,249.50000000000009
27021,27598,928,76.6
27023,13003,-602,-46.9
27025,44589,9147,258.0
27027,54214,4674,162.4
27029,8589,88,16.6
27031,5085,66,35.099999999999994
27033,11963,-316,-14.599999999999993
27035,56826,5439,115.9
27037,391842,6365,37.2
27039,19166,871,96.0
27041,33278,2574,79.9
27043,15650,-1154,-61.49999999999999
27045,21284,-506,-23.699999999999985
27047,32686,-1500,-66.3
27049,45173,863,24.4
27051,6027,-45,-1.1999999999999975
27053,1202310,-48537,-21.4
27055,19929,-992,-45.59999999999999
27057,18634,1710,143.4
27059,33442,4260,186.7
27061,43805,1085,48.90000000000001
27063,11113,-887,-47.50000000000001
27065,15439,725,82.1
27067,43265,-1055,-39.7
27069,4953,-431,-111.5
27071,13940,-694,-49.90000000000001
27075,10695,108,-0.9000000000000026
27079,26632,998,98.6
27081,6101,-237,-70.9
27083,26524,-695,-20.000000000000007
27085,37005,-449,-18.300000000000004
27087,5520,-60,41.8
27089,10260,-856,-41.299999999999976
27091,21496,-743,-30.4
27093,23253,-32,10.5
27095,23092,2952,173.4
27097,32954,123,12.500000000000005
27099,40128,-971,-9.0
27101,8985,-306,-10.399999999999997
27103,31727,923,68.60000000000001
27105,22338,-873,-22.9
27107,7210,-387,-56.7
27109,137102,6999,74.2
27111,56678,391,5.499999999999996
27113,13869,17,6.9
27115,27175,2539,147.7
27117,9797,-236,-19.3
27119,31522,7,4.599999999999994
27121,10886,50,24.3
27123,547348,-38281,-79.7
27125,4339,-268,0.5999999999999999
27127,16709,-687,-48.7
27129,17032,-1344,-98.5
27131,59896,4224,125.0
27133,9694,-50,-5.8000000000000025
27135,16990,-1416,-89.10000000000002
27137,199445,168,18.7
27139,105030,24814,366.2000000000001
27141,72811,15576,264.8
27143,15882,-692,-25.000000000000004
27145,143416,6912,87.19999999999997
27147,36146,372,10.9
27149,10229,-530,73.00000000000003
27151,11897,-2147,-246.90000000000003
27153,25142,-322,20.3
27155,3925,-388,-92.5
27157,22315,-724,-21.2
27159,13571,209,-25.1
27161,20208,-1123,-77.49999999999999
27163,218546,19096,148.70000000000005
27165,12146,-923,-95.3
27167,7053,-510,-89.19999999999997
27169,51169,116,80.00000000000001
27171,103009,21495,309.4
27173,11013,-604,-29.7
28001,34603,-2066,-69.4
28003,34816,2185,63.3
28005,13704,-539,-62.8
28007,19900,-276,-44.2
28009,8291,459,74.0
28011,42928,-8495,-249.6
28013,15348,-356,-27.8
28015,10959,-350,-37.50000000000001
28017,20568,-3097,-191.7
28019,9958,-1405,-165.1
28021,12486,-2786,-205.8
28023,18323,-1565,-119.6
28025,23030,-2271,-141.29999999999995
28027,32870,-6476,-240.8
28029,30587,-966,-39.5
28031,20224,-608,-80.0
28033,118709,42850,474.9
28035,77391,-2120,-4.299999999999995
28037,8724,-598,-83.2
28039,20396,2147,108.1
28041,13745,764,76.50000000000001
28043,23557,-1579,-102.4
28045,43892,-63,34.49999999999999
28047,201336,-13743,-78.6
28049,271827,-24190,-93.0
28051,23293,-3888,-201.29999999999995
28053,12195,-2718,-274.00000000000006
28055,2347,-922,-443.9
28057,22765,551,14.400000000000002
28059,138460,1430,15.699999999999998
28061,19060,-1913,-141.39999999999995
28063,10410,-2582,-308.1
28065,14420,-1855,-175.9
28067,68512,-562,-17.099999999999998
28069,10761,-226,-8.100000000000001
28071,40298,7108,445.1
28073,42967,12750,357.50000000000006
28075,80998,-370,-26.4
28077,13699,-745,-75.8
28079,22318,1637,86.19999999999997
28081,80063,3000,26.2
28083,40605,-7926,-242.2
28085,34401,520,4.100000000000001
28087,65517,-5478,-119.40000000000002
28089,78411,17186,198.1
28091,26363,793,5.000000000000004
28093,36918,452,1.1999999999999922
28095,39244,-2200,-84.3
28097,12433,-1472,-158.70000000000005
28099,30560,-720,-27.20000000000001
28101,23059,-1283,-66.4
28103,13528,-1873,-168.9
28105,46142,1694,295.4
28107,36436,-1552,-59.2
28109,50444,5326,114.9
28111,12689,-451,-71.20000000000002
28113,41046,-423,-28.300000000000004
28115,28531,1442,74.10000000000002
28117,26312,-1076,-48.2
28119,10495,-2205,-254.90000000000003
28121,125946,15796,170.40000000000003
28123,30804,-2356,-80.10000000000002
28125,6999,-2045,-375.4
28127,28691,-1119,-56.49999999999999
28129,16516,-31,-4.199999999999996
28131,14208,3568,292.6
28133,36389,-6516,-222.7
28135,15620,-72,45.80000000000001
28137,26766,2159,103.0
28139,21582,645,23.5
28141,18796,718,28.8
28143,10346,541,77.7
28145,26535,600,21.8
28147,15678,-175,-30.50000000000001
28149,52375,-3367,-89.3
28151,67134,-15548,-286.3
28153,22218,-1409,-88.90000000000002
28155,10227,9,-20.4
28157,10518,-514,-89.30000000000003
28159,20759,-1467,-100.0
28161,13391,-683,-81.7
28163,29975,-1573,-51.1
29001,25618,-104,244.2
29003,16559,649,61.6
29005,6135,-486,-96.6
29007,26659,-1200,-57.6
29009,34975,543,3.6999999999999993
29011,12759,-405,-48.3
29013,16693,287,12.899999999999995
29015,15991,2946,173.9
29017,12185,117,7.100000000000005
29019,145716,16821,222.5
29021,88245,892,9.8
29023,41219,1449,29.4
29025,9005,375,77.3
29027,42421,1816,48.5
29029,36783,6993,274.5
29031,70762,4739,75.2
29033,10020,-769,-75.79999999999998
29035,5933,299,65.70000000000002
29037,86412,12864,187.2
29039,13295,618,55.6
29041,8070,-282,-3.099999999999995
29043,58943,18275,365.3
29045,7377,-277,-35.40000000000001
29047,199203,22592,159.49999999999997
29049,18999,1659,84.80000000000003
29051,75230,759,12.9
29053,16864,712,51.9
29055,23200,1398,72.3
29057,7518,321,38.1
29059,16014,693,45.89999999999999
29061,8338,54,29.5
29065,14664,923,66.5
29067,13100,512,45.99999999999999
29069,33223,-1313,-57.0
29071,97468,3667,34.2
29073,14994,146,-11.000000000000007
29075,6640,58,21.50000000000001
29077,249257,25374,139.20000000000002
29079,10175,37,-5.399999999999998
29081,8659,256,44.10000000000001
29083,21668,508,-2.2999999999999883
29085,8266,1295,183.3
29087,5184,-305,-60.6
29089,10164,-61,11.300000000000011
29091,37677,2581,69.10000000000001
29093,10256,321,13.400000000000007
29095,699327,-22920,-28.1
29097,111005,6348,64.8
29099,209433,8622,57.1
29101,52032,490,59.600000000000016
29103,4195,-92,-11.099999999999998
29105,33643,1811,48.8
29107,33125,141,7.600000000000002
29109,36101,2448,66.69999999999999
29111,10456,-288,-19.4
29113,42053,10389,333.19999999999993
29115,13487,-784,-58.1
29117,14170,948,78.99999999999999
29121,15357,144,-14.899999999999995
29123,11656,514,50.9
29125,8893,237,48.2
29127,28738,-34,-26.500000000000004
29129,3730,28,88.29999999999998
29131,23934,713,20.200000000000006
29133,13511,893,97.79999999999998
29135,15472,129,6.5
29137,9268,-469,-56.6
29139,12052,128,-6.5000000000000036
29141,19132,1340,77.19999999999997
29143,19717,-794,-56.00000000000001
29145,54469,3522,77.9
29147,22261,1035,281.3
29149,10063,761,78.19999999999997
29151,13415,401,41.8
29153,9282,380,26.700000000000006
29155,20899,-2588,-151.2
29157,18696,206,9.0
29159,41164,994,28.1
29161,40648,4376,159.0
29163,18647,-139,-9.6
29165,79168,10036,178.00000000000003
29167,27654,3362,132.7
29169,45399,7027,214.40000000000003
29171,5018,-68,-24.200000000000006
29173,9700,413,87.69999999999997
29175,25261,126,4.399999999999997
29177,23739,-336,-1.9999999999999984
29179,6454,202,77.19999999999997
29181,13358,671,53.3
29183,309386,50335,205.5
29185,9166,584,80.6
29187,56233,9059,193.3
29189,1043170,-43937,-43.0
29195,23864,-517,-23.200000000000006
29197,4029,370,138.70000000000002
29199,4960,-143,-36.00000000000001
29201,42156,-3029,-91.5
29203,8377,20,8.79999999999999
29205,6697,-353,-71.89999999999998
29207,29422,414,14.500000000000005
29209,28357,3658,116.3
29211,7312,-591,-82.89999999999998
29213,41190,10330,300.0
29215,22898,3055,192.0
29217,20771,301,9.800000000000004
29219,26112,6305,316.9
29221,24104,1024,42.3
29223,12657,791,86.0
29225,33419,2684,88.0
29227,2273,-124,-67.69999999999999
29229,18353,382,11.699999999999996
30001,9290,-88,-9.599999999999993
30003,14116,-1026,-76.5
30005,7392,-827,-112.5
30007,4259,1318,497.00000000000006
30009,9370,644,106.8
30011,1265,-119,-54.09999999999999
30013,83767,-2532,-53.89999999999999
30015,5757,60,165.90000000000003
30017,11698,-52,-16.59999999999999
30019,1865,-131,56.90000000000002
30021,8842,83,37.0
30023,8910,343,81.9
30025,2812,61,90.2
30027,11342,182,24.099999999999994
30029,77813,12805,224.7
30033,1311,-114,-120.90000000000002
30035,14678,-1045,-66.39999999999999
30037,1028,-151,-127.59999999999997
30039,2759,291,100.2
30041,17899,-1738,-109.3
30043,10069,1270,291.5
30045,2282,-227,-2.6999999999999855
30047,27614,1237,50.1
30049,57781,5416,117.1
30051,2068,245,298.2000000000001
30053,18473,1111,78.39999999999998
30055,1921,-200,-58.20000000000001
30057,6548,1091,240.6
30059,1869,1,-26.20000000000001
30061,3878,314,12.70000000000001
30063,100576,8494,130.70000000000002
30065,4338,172,60.7
30067,15766,-201,2.4000000000000004
30069,472,11,147.8
30071,4455,-220,0.9999999999999848
30073,6393,-244,-16.599999999999998
30075,1760,-38,3.6999999999999953
30077,6948,66,25.6
30079,1092,67,116.0
30081,36251,3775,135.29999999999998
30083,9647,62,80.20000000000002
30085,11548,-962,-68.70000000000002
30087,10263,-967,-67.2
30089,10037,1319,191.2
30091,3694,-335,12.199999999999989
30093,33986,110,-6.999999999999996
30095,8397,672,140.6
30097,3558,58,27.3
30099,6388,-348,-30.39999999999999
30101,5158,155,106.9
30103,835,-123,-112.29999999999998
30105,7495,-151,-2.4999999999999893
30107,2165,-17,35.7
30109,921,79,85.9
30111,135280,12520,104.3
31001,32241,-934,-31.800000000000004
31003,7392,-744,-87.1
31005,444,9,154.5
31007,788,-108,49.29999999999997
31009,587,-115,-66.4
31011,6131,-656,-81.3
31013,12417,-1124,-117.1
31015,2256,-176,-41.9
31017,3367,-248,-57.10000000000001
31019,45162,879,46.899999999999984
31021,7423,-601,-93.29999999999998
31023,8773,-421,-56.1
31025,25192,-49,13.599999999999996
31027,9627,-815,-91.4
31029,3998,-47,6.299999999999998
31031,6171,-476,-107.8
31033,10024,-60,19.100000000000005
31035,6951,-431,-19.4
31037,11527,-917,-85.6
31039,10216,-1098,-139.79999999999998
31041,11434,-549,-26.700000000000006
31043,22342,-1169,-78.2
31045,9110,39,165.09999999999997
31047,26549,-2079,-99.3
31049,1966,-40,75.39999999999998
31051,6386,-403,-69.6
31053,36883,-232,-37.59999999999999
31055,510307,8116,38.5
31057,2152,-162,-88.90000000000002
31059,6354,-497,-99.0
31061,3368,-166,-52.6
31063,3096,-358,-94.7
31065,5013,-89,-21.2
31067,22867,-647,-51.1
31069,2096,-58,44.600000000000016
31071,1741,282,246.1
31073,2058,-31,31.500000000000004
31075,765,-152,-144.3
31077,2663,-146,-50.3
31079,57847,974,23.700000000000006
31081,9502,-422,-36.5
31083,3628,-233,7.400000000000008
31085,1069,-117,49.49999999999999
31087,2943,-58,40.2
31089,11396,-1007,-76.99999999999999
31091,719,4,216.0
31093,6551,-309,-39.40000000000001
31095,7980,-470,-73.6
31097,4418,803,406.60000000000014
31099,6953,-488,-73.4
31101,8698,-370,-37.5
31103,986,-169,-246.6
31105,3918,-120,-2.0000000000000027
31107,9038,-364,-20.700000000000006
31109,272894,12422,90.8
31111,35991,221,12.999999999999995
31113,783,-32,65.00000000000001
31115,697,-73,-48.5
31117,549,-16,110.00000000000004
31119,37234,-2348,-102.2
31121,8189,-379,-18.5
31123,5484,-451,-78.99999999999999
31125,3873,-166,-41.59999999999999
31127,7449,-238,-18.2
31129,4768,-300,-77.39999999999998
31131,15391,293,15.4
31133,2864,-114,-22.9
31135,3129,-180,-51.600000000000016
31137,9794,-640,-78.89999999999998
31139,7867,-637,-67.69999999999999
31141,33639,-1396,-40.3
31143,5582,-209,-9.600000000000003
31145,11446,-427,-44.3
31147,8933,-616,-82.9
31149,1680,-168,-123.20000000000002
31151,14211,9,24.70000000000001
31153,140346,18553,172.8
31155,20340,359,68.19999999999999
31157,37926,-893,-42.5
31159,16679,-6,34.3
31161,5977,-518,-100.9
31163,3200,-73,-6.600000000000013
31165,1470,-169,-46.4
31167,6696,-585,-58.00000000000001
31169,5686,-487,-95.9
31171,726,-86,-20.8
31173,7936,-897,-115.9
31175,4474,-239,-26.90000000000001
31177,19236,910,81.2
31179,10105,-542,128.40000000000003
31181,3785,-2,38.7
31183,872,-62,-58.90000000000001
31185,14842,-1221,-105.8
32001,25081,-183,-52.60000000000001
32003,1528042,437259,386.6
32005,41455,5428,178.79999999999995
32007,49923,-866,-2.400000000000002
32009,896,-117,-155.69999999999996
32011,1691,286,405.1
32013,17446,-843,-49.9
32015,6190,-407,-41.5
32017,4143,1180,490.7
32019,35968,16019,545.9
32021,4734,36,-28.800000000000008
32023,31012,12864,426.3
32027,6829,-39,6.599999999999999
32029,3339,645,504.40000000000015
32031,366058,56747,191.5
32033,9181,877,142.10000000000005
33001,56002,3788,88.6
33003,42727,4811,140.50000000000003
33005,74277,2473,62.39999999999999
33007,31831,1058,33.5
33009,82415,6295,106.6
33011,401021,-1213,14.8
33013,139168,6671,68.5
33015,288104,5877,49.1
33017,116811,5881,79.79999999999998
33019,40936,2602,93.9
34001,262556,12840,49.0
34003,912249,-6072,49.50000000000001
34005,439740,9353,36.7
34007,533168,-17776,-26.20000000000001
34009,98347,-1380,-38.5
34011,155752,2600,37.5
34013,852613,-61141,-53.8
34015,264669,23274,117.29999999999998
34017,663617,-22650,27.700000000000006
34019,126762,1181,55.3
34021,369177,-1156,21.299999999999994
34023,801979,10440,47.70000000000001
34025,637627,-7596,3.7999999999999936
34027,493826,-1869,31.500000000000004
34029,515989,59698,108.4
34031,531564,-26271,-39.2
34033,65000,1056,22.0
34035,318765,5081,71.9
34037,150214,-1371,28.5
34039,557679,-17118,10.199999999999996
34041,106035,2413,43.3
35001,603943,65567,141.1
35003,3382,325,153.4
35005,65441,861,27.0
35006,27740,-37,11.900000000000002
35007,14361,-526,-42.1
35009,50254,-1440,-41.4
35011,2186,-166,-0.7999999999999936
35015,54133,105,28.8
35017,31713,-2009,-135.9
35019,4810,-48,0.40000000000000346
35021,776,-88,-87.79999999999998
35023,6156,-1221,-226.8
35025,61599,3905,109.0
35027,19952,573,53.90000000000001
35028,19113,-1184,120.0
35029,26692,-1327,-70.00000000000001
35033,5271,-330,-38.49999999999999
35035,66393,-2104,-67.9
35037,10046,-961,-102.5
35039,45133,-4181,-121.9
35041,19713,275,34.90000000000001
35043,97840,34898,453.5
35045,126777,5014,54.9
35047,31621,-1824,-92.4
35049,137761,7639,50.7
35051,12105,-113,-73.3
35053,19235,-1177,-80.0
35055,31465,1783,58.7
35057,17592,-1124,-84.4
35059,4139,436,206.2
35061,71076,6371,101.4
36001,297789,6110,47.399999999999984
36003,50343,-1605,2.300000000000003
36005,1481074,-73830,-46.7
36007,199711,338,13.299999999999994
36009,85239,-5141,-67.10000000000001
36011,82889,-3023,-38.50000000000001
36013,139379,-4802,-39.3
36015,91616,-2917,-38.60000000000001
36017,51283,-1021,-17.900000000000006
36019,81161,809,34.099999999999994
36021,62196,681,26.0
36023,49536,-383,29.000000000000004
36025,46632,1133,52.7
36027,289128,8458,51.39999999999999
36029,953269,-35058,-34.9
36031,38329,930,17.999999999999993
36033,51943,-216,23.70000000000001
36035,54945,389,27.2
36037,60851,-943,-22.4
36039,47332,1788,41.5
36041,5042,-241,-56.399999999999984
36043,63653,590,26.599999999999994
36045,120929,-4636,-37.7
36047,2714638,-189754,-57.9
36049,27804,-818,-15.000000000000007
36051,65380,-188,19.399999999999995
36053,70673,2472,75.9
36055,760301,-15843,-20.800000000000004
36057,49527,637,28.200000000000006
36059,1381524,-39988,0.9000000000000004
36061,1639323,-44703,103.0
36063,219270,-3362,-19.8
36065,235559,-1066,1.2000000000000048
36067,472955,-6442,-11.000000000000002
36069,101609,5935,64.5
36071,369486,4483,39.0
36073,44773,-1982,-54.20000000000001
36075,125613,-3951,-30.0
36077,61079,899,65.80000000000001
36079,100516,-926,29.60000000000001
36081,2399526,-150919,-32.5
36083,154921,4133,40.50000000000001
36085,466306,3550,30.1
36087,314225,-1568,22.099999999999994
36089,113410,-1752,7.500000000000018
36091,208829,9992,67.20000000000002
36093,149052,5554,79.0
36095,31645,952,64.10000000000001
36097,19113,-864,-45.50000000000001
36099,33546,1649,67.9
36101,99377,-755,8.200000000000003
36103,1498339,-2718,13.199999999999998
36105,75687,1956,70.6
36107,53195,-2283,-31.1
36109,99009,2275,237.40000000000003
36111,179958,2353,30.5
36113,63304,2096,36.90000000000001
36115,61592,1459,30.3
36117,96607,-3111,-29.2
36119,975673,-22568,4.0
36121,44123,-1955,-34.2
36123,25046,189,11.000000000000005
37001,136349,15113,121.2
37003,34522,2614,79.5
37005,10253,860,101.2
37007,25746,1416,73.10000000000002
37009,23943,3227,149.5
37011,16947,824,54.0
37013,45515,2297,32.1
37015,19908,1547,71.70000000000002
37017,32946,2380,67.2
37019,74242,32985,468.4
37021,209587,28373,163.7
37023,90740,-21,-15.700000000000005
37025,143115,35238,323.8
37027,78682,4136,55.0
37029,7145,2810,618.8000000000002
37031,58351,7912,174.3
37033,23465,327,6.300000000000002
37035,148260,6066,33.5
37037,51386,12191,212.7
37039,23584,3730,150.8
37041,14120,691,20.2
37043,8344,2177,328.0
37045,97956,101,-14.9
37047,56045,2300,36.4
37049,99129,4646,41.7
37051,339889,-18141,-60.5
37053,18718,4759,364.7000000000001
37055,31447,2385,139.70000000000002
37057,151905,10834,88.39999999999998
37059,35751,5397,161.4
37061,52399,6484,122.1
37063,249559,20175,139.29999999999998
37065,57598,-675,-37.3
37067,326688,25394,105.0
37069,50082,10728,244.7
37071,196976,9176,60.1
37073,10541,1667,223.7
37075,7886,942,144.0
37077,50210,10045,237.5
37079,19770,1789,124.6
37081,447183,43268,133.9
37083,58342,-3272,-82.8
37085,98698,16472,206.6
37087,52695,6079,134.9
37089,88323,18236,215.2
37091,23282,1573,80.8
37093,39164,8303,282.9000000000001
37095,5749,101,57.0
37097,129771,29654,285.9000000000001
37099,33554,6705,380.6
37101,135091,34327,327.80000000000007
37103,10181,-14,14.5
37105,53423,4734,105.5
37107,60750,-1002,-31.6
37109,66508,11624,203.6
37111,42769,2129,54.6
37113,29067,4729,188.0
37115,19329,1329,68.39999999999999
37117,25727,-1156,-106.8
37119,785673,139820,266.5
37121,15164,341,13.7
37123,28232,-357,-37.6
37125,74863,13312,185.6
37127,91044,5219,48.0
37129,167920,34797,280.0
37131,21823,407,-16.599999999999987
37133,176816,1798,139.8
37135,121934,11920,232.0
37137,12533,608,50.40000000000001
37139,36671,4174,140.5
37141,42273,9975,320.80000000000007
37143,11150,2286,231.29999999999995
37145,36469,3049,84.10000000000002
37147,144620,24215,252.90000000000003
37149,16964,3459,180.1
37151,136371,5362,42.1
37153,47882,-1060,-39.0
37155,132786,3415,19.9
37157,92309,1357,5.9
37159,134168,4434,33.8
37161,62500,5178,67.5
37163,63379,437,-9.6
37165,37341,-936,-51.3
37167,59182,1328,16.200000000000006
37169,45022,2206,27.4
37171,72147,1427,6.599999999999999
37173,13038,996,76.3
37175,28347,4589,142.39999999999995
37177,4216,217,52.40000000000001
37179,139573,62060,557.0999999999998
37181,45423,278,-18.8
37183,713890,190415,354.8
37185,19830,1307,72.5
37187,13871,-594,-76.90000000000002
37189,43305,7582,612.4999999999999
37191,120920,2317,10.7
37193,66728,2443,25.3
37195,77559,4101,49.3
37197,37296,1048,20.900000000000006
37199,17442,296,7.600000000000002
38001,2371,-51,77.8
38003,11375,-361,-18.700000000000006
38005,7792,-1042,-115.3
38007,902,-127,-29.90000000000001
38009,6814,-420,-29.29999999999999
38011,3088,38,47.00000000000002
38013,2154,-202,186.5
38015,73187,7952,133.10000000000002
38017,133871,15714,198.9
38019,4532,-567,-19.599999999999987
38021,5690,-421,-121.7
38023,2039,12,224.8
38025,3538,-13,110.3
38027,2513,-146,-96.4
38029,4024,-501,-73.10000000000002
38031,3593,-273,-103.5
38033,1896,-227,-15.800000000000008
38035,70765,-3978,-11.200000000000014
38037,2599,-228,-55.80000000000002
38039,2505,-113,-20.200000000000006
38041,2518,-63,120.5
38043,2591,-176,40.40000000000001
38047,2156,-185,-37.7
38049,5814,-451,-3.4000000000000097
38051,2997,-212,-63.9
38057,8622,-239,173.1
38059,26089,1309,78.7
38061,6781,932,273.1
38063,3301,-199,-16.000000000000004
38065,2085,-254,47.99999999999999
38067,8349,-963,-85.69999999999997
38069,4440,-107,-20.9
38071,11961,-527,-66.10000000000001
38073,5645,-220,-71.1
38075,2506,-53,88.1
38077,18519,-2244,-109.6
38079,15466,-1239,-68.20000000000003
38081,4414,-603,-131.50000000000003
38083,1590,-281,-41.700000000000024
38085,4703,-450,-75.89999999999998
38087,778,-61,-4.000000000000013
38089,23161,961,50.59999999999999
38091,2239,-281,-46.00000000000002
38093,21633,-605,-8.500000000000002
38095,2673,-443,-133.7
38097,8318,-236,-35.69999999999999
38099,12159,-1066,-109.29999999999998
38101,63401,-1754,-41.9
38103,4704,-524,-100.90000000000002
38105,20086,2268,206.3
39001,28055,384,3.3000000000000065
39003,112312,-6074,-72.7
39005,54020,-1097,-33.7
39007,104009,-2748,-36.99999999999999
39009,63165,1371,349.69999999999993
39011,47774,-1998,-61.70000000000002
39013,68030,2152,30.9
39015,43456,1210,2.6000000000000014
39017,353389,14318,55.29999999999999
39019,29284,-582,-13.400000000000013
39021,39977,-27,12.0
39023,146107,-8033,-79.40000000000002
39025,191317,5417,26.0
39027,42224,-330,-27.100000000000005
39029,112101,-4619,-62.3
39031,37247,-502,-18.5
39033,47181,-3580,-106.0
39035,1420639,-137931,-118.1
39037,54277,-1523,-47.00000000000001
39039,41029,-2058,-63.1
39041,124841,49006,538.1
39043,79570,-2672,-45.6
39045,128873,16952,180.4
39047,28736,199,0.6000000000000021
39049,1163690,2460,23.89999999999999
39051,43756,-1160,-29.2
39053,31724,-904,-46.9
39055,93898,-939,27.6
39057,153076,8103,93.6
39059,41457,-1533,-52.89999999999999
39061,883064,-79422,-107.7
39063,74080,504,1.7
39065,32547,-599,11.499999999999991
39067,15473,313,16.6
39069,30180,-2034,-77.1
39071,42198,1228,20.2
39073,28727,525,18.3
39075,44420,-2140,-73.3
39077,62507,-3017,-66.29999999999998
39079,33211,-119,-18.500000000000004
39081,71009,-1571,-22.200000000000006
39083,55942,4737,107.4
39085,230674,-1377,-6.1999999999999975
39087,62396,-190,-3.299999999999998
39089,152211,13761,121.4
39091,47521,-1825,-46.19999999999999
39093,295113,6109,14.499999999999995
39095,474782,-32427,-85.4
39097,41515,1909,61.2
39099,253602,-14974,-80.3
39101,67478,-1041,-18.7
39103,159019,12661,116.90000000000002
39105,23064,596,33.2
39107,42453,-1783,-57.2
39109,101844,290,10.7
39111,14993,-427,-31.8
39113,576440,-41123,-96.90000000000002
39115,14933,55,8.4
39117,32945,1738,93.2
39119,86487,-700,-19.5
39121,14215,371,-134.2
39123,40478,765,8.999999999999991
39125,20872,-1315,-69.4
39127,35242,671,30.1
39129,54525,1059,37.5
39131,28235,365,-9.7
39133,155855,4981,70.29999999999998
39135,43211,-1122,-23.599999999999994
39137,36628,-2214,-73.19999999999997
39139,131840,-7498,-78.59999999999998
39141,75151,2832,48.40000000000001
39143,63280,-2419,-53.0
39145,79328,-46,-12.6
39147,60074,-3474,-76.30000000000003
39149,50910,-1627,-36.40000000000001
39151,382904,-8328,-34.10000000000001
39153,554605,-13566,-32.1
39155,224536,-14824,-87.8
39157,93375,-1130,-32.1
39159,44433,7694,259.70000000000005
39161,30144,-1501,-65.99999999999999
39163,13230,141,1.3999999999999952
39165,172588,39705,297.7
39167,62814,-1326,-46.4
39169,117523,-3376,-53.00000000000001
39171,40043,-2514,-89.19999999999997
39173,125058,77,54.1
39175,23346,-820,-49.1
40001,22534,414,23.1
40003,5869,-226,13.699999999999996
40005,14047,172,20.6
40007,5927,-286,34.599999999999994
40009,20532,1652,112.8
40011,11979,70,26.499999999999996
40013,37277,5224,149.9
40015,30743,-916,-15.9
40017,93921,21735,333.9000000000001
40019,46262,1391,43.6
40021,44469,2945,89.39999999999998
40023,15346,-93,-25.299999999999994
40025,3063,-587,-232.50000000000009
40027,220527,35592,229.40000000000003
40029,5927,4,-16.600000000000012
40031,125777,-891,-8.100000000000009
40033,6494,-307,-44.90000000000001
40035,14877,209,4.300000000000002
40037,68607,1391,23.8
40039,27251,296,49.7
40041,36770,4852,137.2
40043,4473,318,142.89999999999995
40045,3908,223,190.6
40047,60113,486,1.4
40049,26943,640,27.700000000000006
40051,46688,5714,159.9
40053,4854,-350,-36.19999999999999
40055,5880,373,101.2
40057,3208,-278,-89.4
40059,3511,171,157.4
40061,11847,940,85.69999999999997
40063,13831,242,20.8
40065,30240,-3683,-166.20000000000005
40067,6581,-120,-48.49999999999999
40069,10547,428,46.5
40071,48847,-2227,-69.2
40073,14262,774,91.3
40075,9683,-238,-15.19999999999999
40077,10739,437,63.6
40079,49582,936,-0.10000000000000142
40081,32358,1873,87.89999999999998
40083,35220,6618,278.70000000000005
40085,8869,556,104.6
40089,35081,-1816,-69.99999999999999
40091,18738,1547,121.6
40093,7333,166,60.39999999999999
40095,13213,2655,238.1
40097,39412,2005,67.4
40099,12437,1061,103.7
40101,71127,273,0.30000000000000115
40103,11669,-118,-7.100000000000003
40105,10564,-8,9.099999999999998
40107,11696,557,66.4
40109,716173,6308,17.8
40111,40231,-12,1.900000000000002
40113,45037,2600,108.5
40115,33226,-1270,-58.0
40117,16624,-49,7.6999999999999975
40119,71441,5946,339.2000000000001
40121,43601,2369,66.9
40123,36013,1613,56.2
40125,67318,2254,38.6
40127,11350,229,12.1
40129,3549,86,101.6
40131,73470,13585,256.1
40133,25109,460,34.90000000000001
40135,40062,2506,83.30000000000003
40137,42669,2359,81.00000000000001
40139,22694,-1854,-84.3
40141,9177,-1152,-128.40000000000003
40143,603882,1982,3.400000000000003
40145,61095,12125,303.7
40147,49291,1726,55.0
40149,11440,171,65.0
40151,8793,75,91.9
40153,19425,687,71.5
41001,16247,-186,-15.700000000000005
41003,80582,4785,178.79999999999995
41005,349922,25313,99.4
41007,35807,1139,31.0
41009,44691,4499,147.8
41011,60251,2597,28.0
41013,19396,1507,27.100000000000005
41015,19117,3135,173.5
41017,121738,35676,360.5
41019,98657,8646,62.1
41021,1834,17,6.000000000000003
41023,7658,-255,-71.8
41025,7618,-223,-37.00000000000001
41027,21734,694,45.60000000000001
41029,183228,19710,105.8
41031,20529,1319,64.9
41033,72994,9429,118.7
41035,64740,1604,-0.4999999999999982
41037,7231,633,127.6
41039,328378,22677,77.69999999999997
41041,43262,2645,46.0
41043,106342,10154,109.6
41045,33779,-2269,-100.5
41047,307491,9036,21.8
41049,11907,-688,-67.1
41051,701895,34517,97.5
41053,64624,10750,224.2
41055,1881,-135,-0.30000000000000604
41057,23835,1336,84.2
41059,75392,838,16.000000000000004
41061,25089,572,17.4
41063,7015,-49,22.299999999999994
41065,23716,1510,60.8
41067,494127,36581,102.39999999999998
41069,1411,12,160.1
41071,89783,9496,103.0
42001,92907,8206,84.9
42003,1265743,-44707,-30.700000000000006
42005,70613,-2005,-35.1
42007,177355,-7435,-46.7
42009,50019,-491,-16.2
42011,386991,24768,95.4
42013,126865,-313,-16.000000000000004
42015,63186,-842,-22.199999999999992
42017,614596,8917,24.3
42019,175947,7130,33.19999999999999
42021,147860,-4693,-32.9
42023,5792,-737,-172.0
42025,57258,7737,164.10000000000005
42027,138968,14617,412.6
42029,459694,38583,125.4
42031,41343,-1545,-4.999999999999987
42033,81728,-312,2.8999999999999995
42035,37790,1286,83.79999999999998
42037,63119,3875,124.39999999999996
42039,90603,-2233,-38.700000000000024
42041,215780,18949,117.8
42043,260614,7725,60.8
42045,563596,-4585,6.6
42047,34586,-2797,-106.0
42049,286560,-6526,-26.3
42051,144132,-8012,-68.39999999999999
42053,4443,3318,1162.3
42055,133889,15374,143.6
42057,14507,265,32.2
42059,40309,-1721,-45.7
42061,45791,68,8.999999999999996
42063,89136,-606,62.100000000000016
42065,45223,-236,-10.300000000000002
42067,23348,1196,59.7
42069,206282,7518,52.50000000000001
42071,494728,24222,41.1
42073,92397,-1662,-25.7
42075,122184,11167,97.6
42077,321075,28989,137.60000000000002
42079,306105,14057,74.10000000000002
42081,120214,-4511,-41.79999999999999
42083,45346,-2007,-55.6
42085,118041,-1820,-27.7
42087,46960,-476,-33.2
42089,142398,27551,283.0
42091,771952,26909,63.40000000000001
42093,17941,244,-13.199999999999998
42095,271086,26312,133.7
42097,92252,1965,30.700000000000006
42099,44881,891,36.6
42101,1591265,-53745,-17.400000000000006
42103,46549,10697,399.30000000000007
42105,18016,-643,-79.10000000000002
42107,144110,3796,42.90000000000001
42109,38576,961,48.0
42111,77757,-263,-10.9
42113,5990,391,28.199999999999992
42115,41473,1662,38.79999999999999
42117,41167,610,21.700000000000006
42119,42050,2967,121.69999999999996
42121,56741,-2016,-43.0
42123,42882,-1280,-31.5
42125,198070,8892,61.70000000000001
42127,46214,6456,153.70000000000005
42129,358397,5090,22.0
42131,28364,-220,-17.400000000000002
42133,395616,38615,144.90000000000003
44001,49591,37,21.1
44003,166868,-1347,-2.4999999999999987
44005,86154,-3526,-63.90000000000001
44007,645127,-16805,-19.9
44009,125179,1225,16.599999999999998
45001,26663,-1231,-71.89999999999998
45003,147528,12823,69.9
45005,11642,-1091,-126.8
45007,170467,16564,106.5
45009,16933,-859,-65.69999999999999
45011,24498,-1785,-101.7
45013,132181,30463,188.60000000000005
45015,156758,21685,169.3
45017,15371,-147,-15.600000000000007
45019,331806,19607,71.89999999999998
45021,53710,1663,32.3
45023,35121,-1886,-73.70000000000002
45025,44071,2788,70.9
45027,33272,1875,47.90000000000001
45029,39647,-629,-42.6
45031,69151,-261,-24.5
45033,32462,-218,-21.3
45035,104457,32472,430.0
45037,25292,1856,76.2
45039,23890,216,-24.5
45041,131910,5504,36.5
45043,57295,2927,-2.9000000000000057
45045,405526,46605,144.2
45047,68805,1058,-4.8000000000000025
45049,22251,-985,-66.3
45051,204509,64705,367.09999999999985
45053,22673,2365,150.0
45055,55099,6662,147.3
45057,64064,12743,196.5
45059,70716,-4079,-74.59999999999998
45061,20639,-1221,-91.3
45063,229810,32709,178.29999999999995
45065,9699,603,-45.89999999999999
45067,36727,-3483,-143.70000000000005
45069,29454,-218,-17.200000000000006
45071,37187,451,-7.799999999999998
45073,67070,7023,96.2
45075,95635,-2451,-43.0
45077,114267,4685,100.0
45079,344841,42204,181.4
45081,19813,153,0.20000000000000195
45083,264405,20322,92.3
45085,112497,-4382,-66.0
45087,29665,-678,-38.6
45089,38212,-3508,-111.5
45091,176851,49488,348.9
46003,2981,-284,-26.8
46005,17123,249,45.2
46007,3929,-449,-115.4
46009,7039,34,37.7
46011,29730,2156,324.2000000000001
46013,36412,27,1.4000000000000008
46015,5489,-252,4.79999999999999
46017,2384,-426,-177.60000000000005
46019,9417,655,81.1
46021,1736,-283,-147.59999999999997
46023,9913,-738,-86.20000000000002
46025,4053,-387,-49.29999999999998
46027,14144,-308,293.6
46029,27157,0,-20.200000000000006
46031,4650,-531,-97.3
46033,7213,950,174.9
46035,19427,22,-31.0
46037,5984,-293,-45.60000000000001
46039,4460,-122,11.400000000000002
46041,6921,-1514,-236.6
46043,3327,-344,-102.9
46045,4250,-206,5.3000000000000105
46047,6926,137,54.6
46049,2548,-206,-50.99999999999999
46051,7634,-316,-7.600000000000002
46053,4406,-155,13.300000000000004
46055,2105,-184,-93.5
46057,5738,144,39.4
46059,3587,-178,12.200000000000019
46061,3436,-122,33.8
46063,1389,-150,33.10000000000001
46065,17072,-57,55.40000000000001
46067,7629,-325,-57.40000000000001
46069,1559,-147,-95.0
46071,3256,-199,-57.1
46073,2202,-145,-36.29999999999999
46075,1221,-225,-151.5
46077,5456,-335,-63.60000000000001
46079,11344,-198,19.200000000000006
46081,22204,1796,91.5
46083,28341,16428,814.5000000000001
46085,4263,-479,-109.59999999999998
46087,5826,-234,-23.20000000000001
46089,2696,-257,-60.2
46091,4442,207,150.9
46093,25874,-479,-48.5
46095,2212,-149,-78.50000000000001
46097,2758,-382,-118.5
46099,162327,7120,52.7
46101,6831,-343,-21.700000000000006
46103,96460,4574,39.6
46105,3238,-277,-94.3
46107,2492,-186,-26.5
46109,10365,-157,-6.800000000000009
46111,2639,-296,-111.40000000000002
46113,14944,-1008,-46.99999999999999
46115,7441,-1055,-181.7
46117,2935,13,34.7
46119,1623,-260,-139.10000000000002
46121,11013,-1166,-103.2
46123,6345,-708,-149.6
46125,8643,-333,-8.100000000000005
46127,13202,1140,122.89999999999998
46129,5767,-337,-96.20000000000002
46135,22174,225,-7.8000000000000025
46137,2811,46,92.3
47001,71110,3767,69.2
47003,40008,5101,147.7
47005,15776,632,28.3
47007,12471,365,29.89999999999999
47009,107103,15490,159.39999999999995
47011,91318,7436,94.9
47013,39586,948,14.400000000000002
47015,12877,859,60.5
47017,28581,-134,-37.99999999999999
47019,56070,1109,12.700000000000005
47021,37806,1161,45.3
47023,15767,1312,119.4
47025,29757,2300,62.2
47027,7849,-32,-40.6
47029,33474,2034,40.2
47031,49273,3391,71.7
47033,14531,54,-14.399999999999995
47035,46005,9757,162.5
47037,615220,14700,78.6
47039,11309,395,19.8
47043,45377,4171,107.59999999999998
47045,38166,119,-10.399999999999997
47047,30236,8222,319.2
47049,16365,1499,71.89999999999998
47051,39363,1554,42.2
47053,47423,2232,52.60000000000001
47055,29194,217,-10.199999999999996
47057,20900,1654,60.2
47059,62143,6409,100.0
47061,14280,-641,-101.5
47063,60144,2363,30.9
47065,316856,19840,76.19999999999997
47067,6678,100,6.399999999999999
47069,28756,-1313,-66.60000000000001
47071,24947,964,21.6
47073,53866,2721,41.2
47075,20390,-1506,-99.2
47077,25961,1736,70.10000000000001
47079,30241,1988,47.3
47081,22689,1951,97.79999999999998
47083,7959,423,57.1
47085,17798,655,37.6
47087,10552,1016,100.6
47089,44810,6407,147.6
47091,17050,1126,87.6
47093,395489,36189,130.0
47095,7826,61,42.600000000000016
47097,28219,-243,-7.199999999999998
47099,41076,648,-2.1999999999999917
47101,11490,616,36.80000000000001
47103,31543,1730,55.0
47105,39131,9256,205.3
47107,49214,2879,44.39999999999999
47109,24580,1404,54.8
47111,20783,1391,66.5
47113,97000,1619,6.9
47115,27822,303,-10.100000000000009
47117,27828,2732,112.60000000000002
47119,73094,7832,116.39999999999998
47121,11266,426,8.099999999999987
47123,39817,4549,95.1
47125,151893,21153,186.8
47127,5717,606,154.8
47129,20008,1938,118.5
47131,32325,-582,-39.40000000000001
47133,19934,2039,109.9
47135,7551,321,32.40000000000001
47137,4776,264,4.500000000000006
47139,15994,749,30.7
47141,64525,7628,158.7
47143,28956,2751,99.3
47145,50855,3080,56.00000000000001
47147,58682,7558,157.3
47149,203771,59217,373.3
47151,21899,231,-1.0000000000000036
47153,11727,2325,206.6
47155,73903,15717,254.1
47157,973377,-38606,-40.1
47159,17857,1234,78.3
47161,12284,978,90.00000000000001
47163,150946,5213,29.9
47165,138081,22279,209.3
47167,54095,6993,171.4
47169,7231,617,130.79999999999998
47171,16834,1393,66.7
47173,18497,532,23.8
47175,5502,8,-21.1
47177,39267,519,-1.7999999999999994
47179,108277,14362,159.60000000000005
47181,16700,308,23.4
47183,34648,273,58.29999999999999
47185,23103,2630,104.1
47187,137720,45113,500.9
47189,94294,19462,265.2
48001,56481,2581,53.1
48003,14043,880,126.4
48005,85305,1854,10.5
48007,22108,1057,7.199999999999988
48009,8995,22,53.00000000000001
48011,2128,-238,-148.20000000000005
48013,42260,3155,76.4
48015,24468,4036,189.3
48017,7388,-135,12.099999999999996
48019,17745,2690,172.20000000000005
48021,62390,12254,244.1
48023,3886,-176,-20.999999999999982
48025,34677,-2297,-57.10000000000001
48027,280277,32528,160.49999999999997
48029,1560312,177181,150.89999999999995
48031,8405,2071,274.8
48033,718,-83,118.9
48035,16620,1568,98.8
48037,91659,1228,9.800000000000002
48039,270629,44783,234.0
48041,169263,26591,489.30000000000007
48043,9294,-11,13.799999999999995
48045,1790,-155,-103.7
48047,8714,-1366,-211.2
48049,37830,325,-10.3
48051,17006,212,5.599999999999994
48053,35150,7628,255.0
48055,34769,3642,139.70000000000002
48057,22048,-492,-31.099999999999994
48059,12747,753,121.8
48061,403601,10202,44.40000000000001
48063,12010,444,32.6
48065,6566,-401,-23.0
48067,29922,505,18.8
48069,9105,-943,-96.4
48071,27851,7338,406.9
48073,49038,2049,38.8
48075,7852,-742,-101.4
48077,10886,-182,47.39999999999999
48079,3981,-821,-218.4
48081,3613,-307,-30.00000000000001
48083,8817,59,-1.5999999999999908
48085,571953,212664,504.7000000000001
48087,3178,-110,24.1
48089,20577,374,2.6999999999999886
48091,82544,26108,396.4
48093,13938,56,5.199999999999996
48095,3977,169,101.70000000000002
48097,37845,604,11.8
48099,81633,-5796,-39.6
48101,1833,-331,-177.2
48103,4177,232,139.20000000000002
48105,4353,-594,-119.2
48107,7405,-1290,-206.5
48109,3199,-765,-257.5
48111,6802,-44,15.599999999999996
48113,2530019,-133469,-45.0
48115,15841,-1811,-115.5
48117,20815,-1153,-45.5
48119,5215,-1,-14.599999999999987
48121,500716,164570,411.6
48123,19984,242,16.700000000000017
48125,2704,-253,-75.8
48127,11317,-1156,-124.6
48129,3674,-13,37.7
48131,14028,-2034,-189.0
48133,17707,848,59.39999999999999
48135,135322,3428,43.90000000000001
48137,2242,-231,-110.5
48139,122833,27404,289.3
48141,788901,25911,43.90000000000001
48143,34470,3467,157.9
48145,18387,-438,-6.599999999999995
48147,30874,3070,75.5
48149,21152,3417,167.0
48151,4128,-152,1.5999999999999908
48153,8086,-1579,-237.9
48155,1575,-249,-177.2
48157,405147,184517,658.7
48159,9605,985,140.60000000000002
48161,18044,1839,123.3
48163,17905,-353,-14.600000000000005
48165,16524,1130,131.7
48167,267642,25052,136.9
48169,5101,1435,430.3
48171,20299,4514,248.2
48173,1496,-271,-93.5
48175,6993,230,45.6
48177,20038,-42,13.899999999999993
48179,23084,-432,8.899999999999997
48181,113579,7330,60.7
48183,118644,3670,23.600000000000005
48185,24675,2089,133.0
48187,96282,36103,497.69999999999993
48189,40268,-3517,-96.2
48191,3725,-364,-148.4
48193,7791,695,64.69999999999999
48195,5731,-79,30.49999999999999
48197,4776,-632,-116.59999999999998
48199,49729,4800,119.1
48201,3903576,238454,98.1
48203,64418,1414,49.2
48205,5828,285,285.0
48207,5791,116,111.7
48209,109636,48476,651.9
48211,3593,227,230.6
48213,73778,4692,71.5
48215,711904,78673,149.79999999999995
48217,32901,2235,51.4
48219,24364,-1245,-46.90000000000001
48221,41124,9929,247.6
48223,33112,2089,71.69999999999997
48225,22877,963,37.3
48227,34865,460,29.4
48229,3659,-141,-24.39999999999998
48231,79911,6332,95.2
48233,24400,-2199,-78.39999999999998
48235,1762,-169,37.199999999999974
48237,8873,183,38.40000000000001
48239,14957,-823,-80.00000000000001
48241,36390,-663,-32.70000000000001
48243,2208,127,81.80000000000003
48245,262743,-8389,-27.5
48247,5730,-338,-57.2
48249,42931,-1449,-37.49999999999999
48251,136692,14526,133.1
48253,20797,-399,1.6999999999999955
48255,15980,-930,-60.0
48257,77298,26367,460.8
48259,24404,8991,435.9
48261,428,-14,-22.800000000000008
48263,758,42,288.4
48265,42499,7163,155.0
48267,4335,266,41.89999999999999
48269,350,-70,-11.299999999999994
48271,3414,209,135.2
48273,34700,-2165,-46.90000000000001
48275,4124,-395,-72.5
48277,49210,579,-7.400000000000002
48279,15508,-1387,-89.6
48281,18293,1391,80.8
48283,6469,549,88.0
48285,19001,264,0.7000000000000064
48287,16269,387,30.10000000000001
48289,15224,1568,123.4
48291,74118,1760,22.4
48293,22285,1198,46.3
48295,3148,162,167.50000000000003
48297,12520,-914,-70.7
48299,15729,3480,302.8
48301,59,16,941.8
48303,263996,16644,108.3
48305,6879,-916,-138.9
48307,8115,179,16.100000000000005
48309,228064,8055,54.40000000000002
48311,849,-144,-130.5
48313,13338,447,91.6
48315,10543,-11,-15.000000000000009
48317,5044,-213,-9.0
48319,3537,461,227.2
48321,40102,-3112,-106.20000000000002
48323,55695,-353,-2.299999999999999
48325,41856,4559,118.30000000000004
48327,2252,-13,-54.3
48329,127481,10476,128.0
48331,24853,-26,-7.900000000000002
48333,4927,-9,119.4
48335,9708,-187,55.99999999999999
48337,18640,1032,63.8
48339,326298,130806,522.1
48341,23106,-942,-26.9
48343,12936,14,-14.199999999999996
48345,1347,-146,-158.4
48347,63217,1562,101.60000000000002
48349,47145,815,10.199999999999996
48351,14907,-461,-15.499999999999998
48353,16250,-959,-78.4
48355,341794,2627,7.3
48357,10089,240,68.7
48359,2256,-215,20.7
48361,86827,-5063,-65.1
48363,27576,550,23.3
48365,23122,690,64.30000000000001
48367,92862,23993,345.50000000000006
48369,11020,-623,-35.80000000000001
48371,18095,-2329,-125.0
48373,40433,5110,129.8
48375,124571,-2334,-28.2
48377,8477,-557,-84.0
48379,9142,1726,203.3
48381,110680,10175,133.7
48383,3592,-187,-21.4
48385,2962,330,112.2
48387,13735,-882,-116.5
48389,14111,-66,52.5
48391,7905,-475,-90.8
48393,878,41,292.5
48395,16312,372,33.6
48397,48501,29982,881.0999999999998
48399,11327,-794,-87.60000000000002
48401,48568,5012,168.39999999999995
48403,9779,1006,104.4
48405,8680,182,-13.899999999999995
48407,22398,3977,261.99999999999994
48409,73936,-8483,-156.59999999999997
48411,6057,93,83.80000000000003
48413,3040,439,299.80000000000007
48415,17187,-130,22.999999999999996
48417,3213,144,125.8
48419,26233,-690,-27.40000000000001
48421,3330,-281,-39.40000000000001
48423,186869,23700,151.3
48425,7012,1464,233.3
48427,66008,-3807,-73.60000000000002
48429,9846,-199,-30.40000000000001
48431,1396,-252,-125.0
48433,1636,-154,-90.00000000000001
48435,4417,-249,-46.90000000000001
48437,8866,-935,-137.79999999999998
48439,1632684,189412,156.3
48441,135559,-3526,-42.8
48443,1071,-84,31.899999999999984
48445,13681,-885,-74.0
48447,1763,-134,-32.4
48449,31331,1303,54.99999999999999
48451,110408,496,-4.699999999999997
48453,930315,102640,191.2
48455,13309,1245,100.1
48457,20705,1088,63.7
48459,35919,3342,108.4
48461,3628,-246,6.500000000000004
48463,28426,-1677,-89.40000000000002
48465,51636,-1940,-42.9
48467,48066,4420,118.29999999999998
48469,91249,-3707,-61.0
48471,64288,4172,267.2
48473,35917,7624,329.3
48475,11502,-749,-36.20000000000001
48477,31076,2696,63.6
48479,245768,9934,69.19999999999999
48481,43781,-2161,-65.0
48483,5159,260,135.4
48485,138127,-6141,-57.10000000000001
48487,15050,-1454,-112.00000000000004
48489,22976,-406,-2.799999999999998
48491,291766,132901,587.7
48493,34146,8991,343.6
48495,7569,-385,-22.0
48497,51672,7507,188.3
48499,35755,6100,134.8
48501,8206,-232,27.60000000000001
48503,17717,832,60.3
48505,14479,-176,46.2
48507,13037,-1133,-114.8
49001,6619,3,2.7999999999999963
49003,48490,1500,48.8
49005,110973,1875,66.7
49007,21429,-33,-13.599999999999998
49009,974,74,97.2
49011,283070,23750,101.1
49013,16581,2046,183.8
49015,11858,-897,-69.1
49017,4987,166,30.299999999999994
49019,8868,345,60.8
49021,40188,5993,226.2
49023,9432,793,101.5
49025,6279,810,163.20000000000005
49027,13310,-809,-32.20000000000001
49029,7931,1506,353.99999999999994
49031,1436,103,74.6
49033,2135,116,188.7
49035,1034468,-1561,0.5000000000000018
49037,15970,-1030,-60.4
49039,25144,2677,153.60000000000005
49041,20488,276,16.400000000000002
49043,33843,2464,121.5
49045,48877,9448,239.4
49047,28977,3702,199.90000000000003
49049,464078,53786,172.0
49051,18111,5450,394.7
49053,105519,32635,353.5
49055,2692,69,56.10000000000001
49057,223638,8235,44.1
50001,36729,-86,22.300000000000008
50003,36481,452,-0.2999999999999976
50005,30092,987,51.7
50007,152731,3264,46.49999999999999
50009,6334,-72,-21.9
50011,47557,23,27.000000000000004
50013,6995,-66,61.6
50015,24126,252,26.9
50017,28679,107,25.3
50019,26148,952,35.1
50021,62759,-1426,-27.3
50023,58952,312,25.70000000000001
50025,44280,19,14.2
50027,56923,-528,25.499999999999996
51001,38558,-5306,-199.2
51007,11584,1094,105.0
51009,32047,276,13.400000000000004
51011,13781,1166,106.5
51017,4763,-64,-11.3
51021,6609,185,44.4
51023,30441,2549,164.1
51025,18414,-833,-51.5
51027,26216,-2211,-108.7
51029,15600,1639,143.20000000000005
51033,23345,5285,326.6
51036,7018,272,20.299999999999986
51037,12362,231,10.7
51043,12582,1395,166.4
51045,5037,116,42.3
51047,36740,10054,352.19999999999993
51049,9217,841,128.70000000000002
51051,16050,-231,-14.799999999999995
51057,10001,1169,132.2
51061,58288,6826,199.2
51063,13849,1358,133.70000000000002
51065,21394,4247,279.6
51067,47923,8064,189.6
51071,16329,870,61.0
51073,35368,1387,60.2
51075,17321,4374,351.2000000000001
51079,16494,1869,140.4
51085,89968,9641,161.0
51091,2352,-55,-10.79999999999999
51093,30443,4809,200.40000000000003
51097,6519,426,90.1
51099,18550,5052,376.69999999999993
51101,13850,2071,234.0
51103,10444,917,28.59999999999999
51105,22839,2694,164.39999999999995
51107,208970,104209,809.9
51109,26558,6568,323.4
51111,12948,28,19.7
51113,12677,585,65.49999999999999
51115,8615,315,51.9
51117,31584,1235,4.000000000000001
51119,9290,1635,214.0
51125,14315,662,38.60000000000001
51127,13972,4424,457.8
51131,12793,-378,-94.29999999999998
51133,11572,731,59.49999999999999
51135,15664,289,9.5
51137,26384,7048,344.7999999999999
51139,23215,721,30.300000000000004
51141,18792,-375,-69.6
51145,23495,4535,247.0
51147,19652,3763,407.69999999999993
51155,34280,448,5.399999999999999
51157,7111,222,43.7
51159,8517,797,101.7
51167,28744,11,-7.499999999999997
51169,22462,596,22.200000000000006
51171,35363,6506,223.1
51173,32190,-125,-17.999999999999996
51179,103731,25577,351.2999999999999
51181,6894,178,50.39999999999999
51183,12446,-192,6.9
51185,43300,1598,43.89999999999999
51187,32884,4597,190.90000000000003
51193,16391,1073,85.1
51197,27280,1822,59.10000000000001
53001,19243,-259,-2.9000000000000017
53003,20762,776,5.999999999999997
53005,154510,21024,178.9
53007,70403,2259,18.1
53009,61521,9710,141.7
53011,374532,50502,161.6
53013,3945,110,0.20000000000000284
53015,95558,6695,58.60000000000001
53017,35063,3514,136.6
53019,7243,302,41.700000000000024
53021,60844,18318,405.5
53023,2281,-41,27.8
53025,84202,5623,78.69999999999997
53027,67533,5249,82.7
53029,74792,3531,-10.1
53031,25134,4574,173.2
53033,1853987,79331,102.0
53035,243520,7351,14.2
53037,34308,6527,401.4
53039,19622,651,44.90000000000001
53041,69891,5436,76.9
53043,9956,559,116.7
53045,49584,11050,250.29999999999995
53047,41068,204,-9.200000000000006
53049,19889,960,41.90000000000001
53051,11525,1424,180.2
53053,752737,43565,75.0
53055,13722,1953,285.3
53057,107298,9710,81.0
53059,10110,908,170.29999999999995
53061,653743,59803,130.1
53063,436218,34233,89.2
53065,40422,2975,109.4
53067,217147,34856,200.79999999999995
53069,3564,381,77.39999999999998
53071,56815,2085,36.60000000000001
53073,173958,26983,190.8
53075,42445,2236,462.19999999999993
53077,248540,-2815,-16.8
54001,15279,1229,98.6
54003,81053,23008,371.9
54005,25517,-999,-60.2
54007,14396,54,-14.600000000000005
54009,24444,-508,-32.3
54011,96280,-237,15.999999999999995
54013,7405,175,28.0
54015,10401,-1060,-148.90000000000003
54017,7223,935,175.10000000000005
54019,46878,-1001,-54.8
54021,6888,1845,434.80000000000007
54023,11319,552,33.10000000000001
54025,33497,1823,39.2
54027,20424,3427,213.3
54029,31528,-993,-49.0
54031,12774,1195,110.7
54033,67985,841,8.8
54035,28018,1048,29.4
54037,44424,8987,274.8
54039,198077,-5588,-42.3
54041,16493,-202,-37.5
54043,22169,-551,-50.6
54045,36974,-402,-36.10000000000001
54047,26399,-4347,-195.5
54049,55247,950,33.800000000000004
54051,34762,-1818,-57.50000000000001
54053,25763,1422,65.3
54055,61973,66,-19.2
54057,26942,1132,41.1
54059,28201,-1478,-83.49999999999999
54061,84200,11765,409.7
54063,12883,542,37.00000000000001
54065,14626,2817,219.7
54067,26238,-141,-21.5
54069,46044,-1794,-54.0
54071,7997,-343,-111.5
54073,7332,233,31.200000000000006
54075,8771,-98,-41.40000000000001
54077,29080,4304,190.5
54079,52859,2392,60.90000000000001
54081,78707,25,-5.299999999999999
54083,27949,1328,11.6
54085,10153,234,8.700000000000003
54087,15138,-291,-32.099999999999994
54089,13715,132,20.899999999999995
54091,15711,1108,94.2
54093,7058,33,0.9999999999999992
54095,9265,-116,5.999999999999997
54097,23416,722,33.10000000000001
54099,42742,-465,-1.6999999999999993
54101,9460,-360,-56.90000000000001
54103,17329,-836,-72.6
54105,5831,-150,-38.7
54107,87661,-1079,-15.700000000000005
54109,25280,-1598,-63.6
55001,19226,1591,86.80000000000003
55003,16822,-675,-64.7
55005,45251,447,-3.5999999999999956
55007,14756,215,23.3
55009,243399,4580,24.7
55011,13970,-447,-38.49999999999999
55013,15277,114,23.6
55015,44176,4664,176.0
55017,57362,4892,132.6
55019,35631,-1012,-34.89999999999999
55021,53583,3083,96.4
55023,17382,-803,-60.29999999999999
55025,458390,29356,112.3
55027,86660,1991,20.8
55029,27243,392,-6.300000000000003
55031,43775,254,14.9
55033,41564,2130,146.1
55035,97183,1254,59.69999999999998
55037,4872,-482,-92.0
55041,9867,-573,-54.7
55043,50138,884,52.10000000000001
55045,34364,2343,109.4
55047,18817,153,3.499999999999992
55049,23853,-259,6.9
55051,6379,-505,-92.8
55053,19468,967,47.8
55055,79346,4156,85.19999999999997
55057,24262,2335,132.3
55059,158436,8113,77.2
55061,20488,5,7.799999999999998
55063,110575,3690,60.99999999999999
55065,16683,96,47.6
55067,20380,-499,-25.10000000000001
55069,29493,-893,-48.10000000000001
55071,83423,-2276,-31.3
55073,131355,2303,37.2
55075,42333,-782,-24.6
55077,14368,961,78.0
55078,5234,-907,-156.7
55079,1007258,-54613,-49.90000000000001
55081,42891,1684,60.8
55083,35945,1560,98.5
55085,35730,84,7.199999999999997
55087,172251,4100,36.40000000000001
55089,84259,1772,71.90000000000002
55091,7308,117,27.4
55093,38588,2284,143.60000000000005
55095,42109,1922,79.1
55097,69711,73,42.29999999999999
55099,15012,-936,-73.20000000000002
55101,199497,-3826,-9.0
55103,18203,-259,-12.5
55105,159011,1177,19.3
55107,15123,-444,-40.1
55109,69181,14953,302.80000000000007
55111,57295,4529,102.8
55113,16122,440,34.5
55115,40693,1188,32.6
55117,115863,-590,-8.8
55119,20243,362,28.600000000000005
55121,27395,1355,78.29999999999998
55123,29104,557,49.7
55125,20018,1354,97.29999999999998
55127,95296,6811,99.0
55129,15874,-44,5.200000000000004
55131,123038,8402,99.3
55133,372607,15981,79.90000000000002
55135,50514,1695,0.8000000000000034
55137,22654,1774,142.9
55139,162084,4552,41.2
55141,77249,-2769,-53.6
56001,34172,2104,379.7
56003,11428,206,32.6
56005,38074,8079,326.0
56007,16195,-282,37.40000000000001
56009,12698,1099,164.39999999999995
56011,6080,968,311.7
56013,37528,2752,115.2
56015,12547,664,66.6
56017,4640,139,72.4
56019,7066,1465,349.0
56021,87354,4442,58.8
56023,15780,2284,305.2
56025,70256,5100,110.5
56027,2326,138,149.8
56029,26238,1856,89.3
56031,8649,-28,-4.200000000000006
56033,26698,2317,137.1
56035,6372,3852,1027.5
56037,41436,2460,129.3
56039,20074,1244,164.7
56041,21628,-516,5.800000000000009
56043,8446,73,52.1
56045,6639,538,183.3
